election_name;rule_abbreviation;outcome
"Warszawa, Praga-Północ, Praga-Północ, 2022-06";greedy_card;"1035#%#%#1036#%#%#1062#%#%#1063#%#%#1199#%#%#1307#%#%#1352#%#%#1356#%#%#1387#%#%#1430#%#%#1467#%#%#1490#%#%#1509#%#%#1528#%#%#1754#%#%#18#%#%#1918#%#%#1919#%#%#1932#%#%#1934#%#%#1937#%#%#1938#%#%#1939#%#%#1943#%#%#28#%#%#29#%#%#334#%#%#340#%#%#362#%#%#400#%#%#566#%#%#8#%#%#821#%#%#828#%#%#890#%#%#891#%#%#892#%#%#898#%#%#927#%#%#931#%#%#943#%#%#947#%#%#956#%#%#957"
"Warszawa, Praga-Północ, Praga-Północ, 2022-06";greedy_cost;"1062#%#%#1356#%#%#14#%#%#1919#%#%#1935#%#%#1937#%#%#338#%#%#340#%#%#61#%#%#70"
"Warszawa, Praga-Północ, Praga-Północ, 2022-06";greedy_cc;"1035#%#%#1036#%#%#1050#%#%#1062#%#%#1094#%#%#11#%#%#1199#%#%#1307#%#%#1352#%#%#1356#%#%#1387#%#%#1430#%#%#1490#%#%#1509#%#%#1528#%#%#1754#%#%#1918#%#%#1919#%#%#1934#%#%#1938#%#%#1939#%#%#1943#%#%#29#%#%#334#%#%#338#%#%#340#%#%#362#%#%#454#%#%#566#%#%#8#%#%#821#%#%#828#%#%#890#%#%#891#%#%#898#%#%#927#%#%#933#%#%#943#%#%#947#%#%#956#%#%#957"
"Warszawa, Praga-Północ, Praga-Północ, 2022-06";max_card;"1035#%#%#1036#%#%#1062#%#%#1063#%#%#1094#%#%#1199#%#%#1307#%#%#1352#%#%#1356#%#%#1387#%#%#1430#%#%#1490#%#%#1509#%#%#1528#%#%#1754#%#%#18#%#%#1918#%#%#1919#%#%#1932#%#%#1934#%#%#1937#%#%#1938#%#%#1939#%#%#1943#%#%#28#%#%#29#%#%#334#%#%#340#%#%#362#%#%#400#%#%#566#%#%#8#%#%#821#%#%#828#%#%#890#%#%#891#%#%#892#%#%#898#%#%#927#%#%#931#%#%#943#%#%#947#%#%#956#%#%#957"
"Warszawa, Praga-Północ, Praga-Północ, 2022-06";max_cost;"1062#%#%#1356#%#%#14#%#%#1919#%#%#1935#%#%#1937#%#%#338#%#%#340#%#%#61#%#%#70"
"Warszawa, Praga-Północ, Praga-Północ, 2022-06";seq_phragmen;"1035#%#%#1036#%#%#1050#%#%#1062#%#%#1063#%#%#1199#%#%#1307#%#%#1352#%#%#1356#%#%#1387#%#%#1430#%#%#1490#%#%#1509#%#%#1528#%#%#1754#%#%#18#%#%#1918#%#%#1919#%#%#1932#%#%#1934#%#%#1937#%#%#1938#%#%#1939#%#%#1943#%#%#28#%#%#29#%#%#334#%#%#340#%#%#362#%#%#400#%#%#566#%#%#8#%#%#821#%#%#828#%#%#890#%#%#891#%#%#892#%#%#898#%#%#927#%#%#931#%#%#943#%#%#947#%#%#956#%#%#957"
"Warszawa, Praga-Północ, Praga-Północ, 2022-06";mes_cost_uncompleted;"1035#%#%#1062#%#%#1352#%#%#1430#%#%#1490#%#%#1509#%#%#1528#%#%#1754#%#%#1918#%#%#1919#%#%#1934#%#%#1935#%#%#1938#%#%#1939#%#%#1943#%#%#334#%#%#340#%#%#362#%#%#61#%#%#8#%#%#821#%#%#828#%#%#890#%#%#891#%#%#892#%#%#943#%#%#956#%#%#957"
"Warszawa, Praga-Północ, Praga-Północ, 2022-06";mes_cost;"1035#%#%#1062#%#%#1063#%#%#1490#%#%#1509#%#%#1528#%#%#1754#%#%#18#%#%#1918#%#%#1919#%#%#1934#%#%#1935#%#%#1937#%#%#1938#%#%#1939#%#%#1943#%#%#334#%#%#340#%#%#362#%#%#400#%#%#566#%#%#61#%#%#8#%#%#821#%#%#828#%#%#890#%#%#891#%#%#892#%#%#927#%#%#943#%#%#956#%#%#957"
"Warszawa, Praga-Północ, Praga-Północ, 2022-06";mes_cost_greedy;"1035#%#%#1062#%#%#1352#%#%#14#%#%#1430#%#%#1490#%#%#1509#%#%#1528#%#%#1754#%#%#1918#%#%#1919#%#%#1934#%#%#1935#%#%#1938#%#%#1939#%#%#1943#%#%#29#%#%#334#%#%#340#%#%#362#%#%#61#%#%#8#%#%#821#%#%#828#%#%#890#%#%#891#%#%#892#%#%#943#%#%#956#%#%#957"
"Warszawa, Praga-Północ, Praga-Północ, 2022-06";mes_card_uncompleted;"1035#%#%#1036#%#%#1062#%#%#1199#%#%#1352#%#%#1356#%#%#1387#%#%#1430#%#%#1490#%#%#1509#%#%#1528#%#%#1754#%#%#18#%#%#1918#%#%#1919#%#%#1934#%#%#1938#%#%#1939#%#%#1943#%#%#28#%#%#29#%#%#334#%#%#340#%#%#362#%#%#400#%#%#566#%#%#8#%#%#821#%#%#828#%#%#890#%#%#891#%#%#898#%#%#927#%#%#943#%#%#947#%#%#956#%#%#957"
"Warszawa, Praga-Północ, Praga-Północ, 2022-06";mes_card;"1035#%#%#1036#%#%#1050#%#%#1062#%#%#1063#%#%#1094#%#%#1199#%#%#1307#%#%#1352#%#%#1356#%#%#1387#%#%#1430#%#%#1467#%#%#1490#%#%#1509#%#%#1528#%#%#1754#%#%#18#%#%#1918#%#%#1919#%#%#1932#%#%#1934#%#%#1938#%#%#1939#%#%#1943#%#%#28#%#%#29#%#%#334#%#%#340#%#%#362#%#%#400#%#%#566#%#%#63#%#%#8#%#%#821#%#%#828#%#%#890#%#%#891#%#%#892#%#%#898#%#%#927#%#%#931#%#%#943#%#%#947#%#%#956#%#%#957"
"Warszawa, Praga-Północ, Praga-Północ, 2022-06";mes_card_greedy;"1035#%#%#1036#%#%#1062#%#%#1063#%#%#1199#%#%#1307#%#%#1352#%#%#1356#%#%#1387#%#%#1430#%#%#1467#%#%#1490#%#%#1509#%#%#1528#%#%#1754#%#%#18#%#%#1918#%#%#1919#%#%#1932#%#%#1934#%#%#1937#%#%#1938#%#%#1939#%#%#1943#%#%#28#%#%#29#%#%#334#%#%#340#%#%#362#%#%#400#%#%#566#%#%#8#%#%#821#%#%#828#%#%#890#%#%#891#%#%#892#%#%#898#%#%#927#%#%#931#%#%#943#%#%#947#%#%#956#%#%#957"
"Warszawa, Praga-Północ, Praga-Północ, 2022-06";mes_sqrt_uncompleted;"1035#%#%#1062#%#%#1352#%#%#1356#%#%#1430#%#%#1490#%#%#1509#%#%#1528#%#%#1754#%#%#18#%#%#1918#%#%#1919#%#%#1934#%#%#1938#%#%#1939#%#%#1943#%#%#28#%#%#334#%#%#340#%#%#362#%#%#566#%#%#61#%#%#8#%#%#821#%#%#828#%#%#890#%#%#891#%#%#892#%#%#898#%#%#927#%#%#943#%#%#956#%#%#957"
"Warszawa, Praga-Północ, Praga-Północ, 2022-06";mes_sqrt;"1035#%#%#1036#%#%#1050#%#%#1062#%#%#1063#%#%#1199#%#%#1307#%#%#1352#%#%#1356#%#%#1387#%#%#1430#%#%#1490#%#%#1509#%#%#1528#%#%#1754#%#%#18#%#%#1918#%#%#1919#%#%#1934#%#%#1937#%#%#1938#%#%#1939#%#%#1943#%#%#28#%#%#29#%#%#334#%#%#340#%#%#362#%#%#400#%#%#566#%#%#61#%#%#8#%#%#821#%#%#828#%#%#890#%#%#891#%#%#892#%#%#898#%#%#927#%#%#943#%#%#956#%#%#957"
"Warszawa, Praga-Północ, Praga-Północ, 2022-06";mes_sqrt_greedy;"1035#%#%#1062#%#%#1352#%#%#1356#%#%#1430#%#%#1490#%#%#1509#%#%#1528#%#%#1754#%#%#18#%#%#1918#%#%#1919#%#%#1932#%#%#1934#%#%#1937#%#%#1938#%#%#1939#%#%#1943#%#%#28#%#%#29#%#%#334#%#%#338#%#%#340#%#%#362#%#%#566#%#%#61#%#%#8#%#%#821#%#%#828#%#%#890#%#%#891#%#%#892#%#%#898#%#%#927#%#%#943#%#%#956#%#%#957"
"Warszawa, Bielany, Bielany, 2022-06";greedy_card;"1008#%#%#1023#%#%#1027#%#%#1031#%#%#1034#%#%#1059#%#%#1061#%#%#107#%#%#114#%#%#1161#%#%#1187#%#%#1202#%#%#1205#%#%#1213#%#%#127#%#%#1325#%#%#140#%#%#1425#%#%#1476#%#%#1497#%#%#1560#%#%#1570#%#%#1581#%#%#1618#%#%#1629#%#%#1649#%#%#1658#%#%#1765#%#%#1780#%#%#1782#%#%#1801#%#%#1811#%#%#1813#%#%#1822#%#%#1858#%#%#204#%#%#250#%#%#291#%#%#304#%#%#31#%#%#32#%#%#339#%#%#373#%#%#392#%#%#48#%#%#49#%#%#529#%#%#532#%#%#537#%#%#538#%#%#539#%#%#540#%#%#605#%#%#660#%#%#694#%#%#706#%#%#722#%#%#813#%#%#819#%#%#844#%#%#961"
"Warszawa, Bielany, Bielany, 2022-06";greedy_cost;"1027#%#%#1127#%#%#114#%#%#1202#%#%#126#%#%#1497#%#%#1570#%#%#1628#%#%#1822#%#%#250#%#%#288#%#%#304#%#%#32#%#%#48#%#%#605#%#%#706#%#%#813#%#%#92#%#%#961"
"Warszawa, Bielany, Bielany, 2022-06";greedy_cc;"1008#%#%#1023#%#%#1028#%#%#1031#%#%#1034#%#%#1059#%#%#1061#%#%#107#%#%#1137#%#%#114#%#%#1161#%#%#1187#%#%#1202#%#%#1205#%#%#1213#%#%#127#%#%#1325#%#%#140#%#%#1425#%#%#1497#%#%#1560#%#%#1570#%#%#1629#%#%#1649#%#%#1658#%#%#1773#%#%#1780#%#%#1811#%#%#1813#%#%#1822#%#%#1858#%#%#244#%#%#304#%#%#32#%#%#339#%#%#392#%#%#418#%#%#48#%#%#49#%#%#529#%#%#534#%#%#537#%#%#539#%#%#660#%#%#706#%#%#722#%#%#813#%#%#844#%#%#961"
"Warszawa, Bielany, Bielany, 2022-06";max_card;"1008#%#%#1023#%#%#1027#%#%#1031#%#%#1034#%#%#1059#%#%#1061#%#%#107#%#%#114#%#%#1161#%#%#1187#%#%#1202#%#%#1205#%#%#1213#%#%#126#%#%#127#%#%#1325#%#%#140#%#%#1425#%#%#1476#%#%#1497#%#%#1560#%#%#1570#%#%#1581#%#%#1618#%#%#1629#%#%#1649#%#%#1658#%#%#1780#%#%#1782#%#%#1801#%#%#1811#%#%#1813#%#%#1822#%#%#1858#%#%#204#%#%#250#%#%#304#%#%#31#%#%#32#%#%#339#%#%#373#%#%#392#%#%#48#%#%#49#%#%#529#%#%#532#%#%#534#%#%#537#%#%#538#%#%#539#%#%#540#%#%#605#%#%#660#%#%#694#%#%#706#%#%#722#%#%#813#%#%#819#%#%#844#%#%#961"
"Warszawa, Bielany, Bielany, 2022-06";max_cost;"1027#%#%#1127#%#%#114#%#%#1202#%#%#126#%#%#1497#%#%#1570#%#%#1628#%#%#1822#%#%#250#%#%#288#%#%#304#%#%#32#%#%#48#%#%#605#%#%#706#%#%#813#%#%#92#%#%#961"
"Warszawa, Bielany, Bielany, 2022-06";seq_phragmen;"1008#%#%#1023#%#%#1027#%#%#1031#%#%#1034#%#%#1059#%#%#1061#%#%#107#%#%#114#%#%#1161#%#%#1187#%#%#1202#%#%#1205#%#%#1213#%#%#127#%#%#1325#%#%#140#%#%#1425#%#%#1476#%#%#1497#%#%#1560#%#%#1570#%#%#1581#%#%#1618#%#%#1629#%#%#1649#%#%#1658#%#%#1780#%#%#1782#%#%#1801#%#%#1811#%#%#1813#%#%#1822#%#%#1858#%#%#204#%#%#250#%#%#291#%#%#304#%#%#31#%#%#32#%#%#339#%#%#373#%#%#392#%#%#48#%#%#49#%#%#529#%#%#532#%#%#537#%#%#538#%#%#539#%#%#540#%#%#605#%#%#660#%#%#694#%#%#706#%#%#722#%#%#813#%#%#819#%#%#844#%#%#961"
"Warszawa, Bielany, Bielany, 2022-06";mes_cost_uncompleted;"1008#%#%#1023#%#%#1027#%#%#1031#%#%#1034#%#%#1061#%#%#107#%#%#1127#%#%#114#%#%#1161#%#%#1202#%#%#1205#%#%#1213#%#%#127#%#%#1325#%#%#140#%#%#1570#%#%#1581#%#%#1618#%#%#1649#%#%#1658#%#%#1780#%#%#1782#%#%#1801#%#%#1811#%#%#1813#%#%#1822#%#%#288#%#%#304#%#%#31#%#%#32#%#%#373#%#%#392#%#%#48#%#%#49#%#%#529#%#%#537#%#%#660#%#%#706#%#%#722#%#%#813#%#%#819#%#%#92"
"Warszawa, Bielany, Bielany, 2022-06";mes_cost;"1008#%#%#1023#%#%#1027#%#%#1031#%#%#1034#%#%#1059#%#%#1061#%#%#107#%#%#1127#%#%#114#%#%#1161#%#%#1187#%#%#1202#%#%#1205#%#%#1213#%#%#127#%#%#1325#%#%#140#%#%#1425#%#%#1497#%#%#1570#%#%#1581#%#%#1618#%#%#1649#%#%#1658#%#%#1780#%#%#1782#%#%#1801#%#%#1811#%#%#1813#%#%#1822#%#%#1858#%#%#204#%#%#250#%#%#288#%#%#304#%#%#31#%#%#32#%#%#373#%#%#392#%#%#48#%#%#49#%#%#529#%#%#537#%#%#538#%#%#660#%#%#706#%#%#722#%#%#813#%#%#819#%#%#844#%#%#92#%#%#961"
"Warszawa, Bielany, Bielany, 2022-06";mes_cost_greedy;"1008#%#%#1023#%#%#1027#%#%#1031#%#%#1034#%#%#1061#%#%#107#%#%#1127#%#%#114#%#%#1161#%#%#1202#%#%#1205#%#%#1213#%#%#127#%#%#1325#%#%#140#%#%#1570#%#%#1581#%#%#1618#%#%#1628#%#%#1649#%#%#1658#%#%#1780#%#%#1782#%#%#1801#%#%#1811#%#%#1813#%#%#1822#%#%#250#%#%#288#%#%#304#%#%#31#%#%#32#%#%#373#%#%#392#%#%#48#%#%#49#%#%#529#%#%#537#%#%#660#%#%#706#%#%#722#%#%#813#%#%#819#%#%#844#%#%#92"
"Warszawa, Bielany, Bielany, 2022-06";mes_card_uncompleted;"1008#%#%#1023#%#%#1027#%#%#1031#%#%#1034#%#%#1059#%#%#1061#%#%#107#%#%#114#%#%#1161#%#%#1187#%#%#1202#%#%#1205#%#%#1213#%#%#127#%#%#1325#%#%#140#%#%#1425#%#%#1476#%#%#1560#%#%#1570#%#%#1581#%#%#1618#%#%#1629#%#%#1649#%#%#1658#%#%#1780#%#%#1782#%#%#1801#%#%#1811#%#%#1813#%#%#1822#%#%#1858#%#%#204#%#%#250#%#%#304#%#%#31#%#%#32#%#%#339#%#%#373#%#%#392#%#%#48#%#%#49#%#%#529#%#%#532#%#%#537#%#%#538#%#%#540#%#%#605#%#%#660#%#%#706#%#%#722#%#%#813#%#%#819#%#%#844"
"Warszawa, Bielany, Bielany, 2022-06";mes_card;"1008#%#%#1023#%#%#1027#%#%#1028#%#%#1031#%#%#1034#%#%#1059#%#%#1061#%#%#107#%#%#114#%#%#1161#%#%#1187#%#%#1202#%#%#1205#%#%#1213#%#%#127#%#%#1325#%#%#140#%#%#1425#%#%#1476#%#%#1497#%#%#1560#%#%#1570#%#%#1581#%#%#1618#%#%#1629#%#%#1649#%#%#1658#%#%#1780#%#%#1782#%#%#1801#%#%#1811#%#%#1813#%#%#1822#%#%#1858#%#%#204#%#%#250#%#%#291#%#%#304#%#%#31#%#%#32#%#%#339#%#%#373#%#%#392#%#%#48#%#%#49#%#%#529#%#%#532#%#%#534#%#%#537#%#%#538#%#%#539#%#%#540#%#%#605#%#%#660#%#%#69#%#%#694#%#%#706#%#%#722#%#%#813#%#%#819#%#%#844#%#%#961"
"Warszawa, Bielany, Bielany, 2022-06";mes_card_greedy;"1008#%#%#1023#%#%#1027#%#%#1031#%#%#1034#%#%#1059#%#%#1061#%#%#107#%#%#114#%#%#1161#%#%#1187#%#%#1202#%#%#1205#%#%#1213#%#%#127#%#%#1325#%#%#140#%#%#1425#%#%#1476#%#%#1497#%#%#1560#%#%#1570#%#%#1581#%#%#1618#%#%#1629#%#%#1649#%#%#1658#%#%#1765#%#%#1780#%#%#1782#%#%#1801#%#%#1811#%#%#1813#%#%#1822#%#%#1858#%#%#204#%#%#250#%#%#291#%#%#304#%#%#31#%#%#32#%#%#339#%#%#373#%#%#392#%#%#48#%#%#49#%#%#529#%#%#532#%#%#537#%#%#538#%#%#539#%#%#540#%#%#605#%#%#660#%#%#694#%#%#706#%#%#722#%#%#813#%#%#819#%#%#844#%#%#961"
"Warszawa, Bielany, Bielany, 2022-06";mes_sqrt_uncompleted;"1008#%#%#1023#%#%#1027#%#%#1031#%#%#1034#%#%#1059#%#%#1061#%#%#107#%#%#114#%#%#1161#%#%#1187#%#%#1202#%#%#1205#%#%#1213#%#%#127#%#%#1325#%#%#140#%#%#1425#%#%#1497#%#%#1560#%#%#1570#%#%#1581#%#%#1618#%#%#1629#%#%#1649#%#%#1658#%#%#1780#%#%#1782#%#%#1801#%#%#1811#%#%#1813#%#%#1822#%#%#1858#%#%#204#%#%#250#%#%#304#%#%#31#%#%#32#%#%#339#%#%#373#%#%#392#%#%#48#%#%#49#%#%#529#%#%#532#%#%#537#%#%#538#%#%#605#%#%#660#%#%#706#%#%#722#%#%#813#%#%#819#%#%#844"
"Warszawa, Bielany, Bielany, 2022-06";mes_sqrt;"1008#%#%#1023#%#%#1027#%#%#1031#%#%#1034#%#%#1059#%#%#1061#%#%#107#%#%#114#%#%#1161#%#%#1173#%#%#1187#%#%#1202#%#%#1205#%#%#1213#%#%#126#%#%#127#%#%#1325#%#%#140#%#%#1425#%#%#1476#%#%#1497#%#%#1560#%#%#1570#%#%#1581#%#%#1618#%#%#1629#%#%#1649#%#%#1658#%#%#1765#%#%#1780#%#%#1782#%#%#1801#%#%#1811#%#%#1813#%#%#1822#%#%#1858#%#%#204#%#%#250#%#%#304#%#%#31#%#%#32#%#%#339#%#%#373#%#%#392#%#%#48#%#%#49#%#%#529#%#%#532#%#%#537#%#%#538#%#%#540#%#%#605#%#%#660#%#%#694#%#%#706#%#%#722#%#%#813#%#%#819#%#%#844#%#%#961"
"Warszawa, Bielany, Bielany, 2022-06";mes_sqrt_greedy;"1008#%#%#1023#%#%#1027#%#%#1031#%#%#1034#%#%#1059#%#%#1061#%#%#107#%#%#1127#%#%#114#%#%#1161#%#%#1187#%#%#1202#%#%#1205#%#%#1213#%#%#127#%#%#1325#%#%#140#%#%#1425#%#%#1497#%#%#1560#%#%#1570#%#%#1581#%#%#1618#%#%#1629#%#%#1649#%#%#1658#%#%#1780#%#%#1782#%#%#1801#%#%#1811#%#%#1813#%#%#1822#%#%#1858#%#%#204#%#%#250#%#%#304#%#%#31#%#%#32#%#%#339#%#%#373#%#%#392#%#%#48#%#%#49#%#%#529#%#%#532#%#%#537#%#%#538#%#%#540#%#%#605#%#%#660#%#%#694#%#%#706#%#%#722#%#%#813#%#%#819#%#%#844#%#%#92"
"Warszawa, Ochota, Ochota, 2022-06";greedy_card;"1048#%#%#1058#%#%#1072#%#%#1099#%#%#1121#%#%#1126#%#%#1212#%#%#1334#%#%#1682#%#%#1728#%#%#225#%#%#306#%#%#386#%#%#388#%#%#402#%#%#403#%#%#437#%#%#445#%#%#504#%#%#513#%#%#568#%#%#571#%#%#572#%#%#575#%#%#576#%#%#577#%#%#582#%#%#583#%#%#585#%#%#593#%#%#596#%#%#597#%#%#615#%#%#616#%#%#618#%#%#620#%#%#621#%#%#622#%#%#625#%#%#627#%#%#757#%#%#774#%#%#820#%#%#824#%#%#838#%#%#877#%#%#885#%#%#964"
"Warszawa, Ochota, Ochota, 2022-06";greedy_cost;"1448#%#%#1728#%#%#225#%#%#306#%#%#386#%#%#388#%#%#445#%#%#451#%#%#453#%#%#506#%#%#621#%#%#824#%#%#838#%#%#877#%#%#885"
"Warszawa, Ochota, Ochota, 2022-06";greedy_cc;"1013#%#%#1048#%#%#1060#%#%#1072#%#%#1099#%#%#132#%#%#1334#%#%#1682#%#%#1728#%#%#306#%#%#388#%#%#402#%#%#403#%#%#445#%#%#504#%#%#506#%#%#513#%#%#568#%#%#571#%#%#572#%#%#575#%#%#577#%#%#582#%#%#583#%#%#587#%#%#595#%#%#597#%#%#616#%#%#620#%#%#621#%#%#622#%#%#625#%#%#627#%#%#723#%#%#757#%#%#774#%#%#820#%#%#824#%#%#838#%#%#847#%#%#877#%#%#885#%#%#894#%#%#964"
"Warszawa, Ochota, Ochota, 2022-06";max_card;"1048#%#%#1058#%#%#1072#%#%#1099#%#%#1121#%#%#1126#%#%#1212#%#%#132#%#%#1334#%#%#1682#%#%#1728#%#%#225#%#%#306#%#%#386#%#%#388#%#%#402#%#%#403#%#%#437#%#%#445#%#%#504#%#%#513#%#%#568#%#%#571#%#%#572#%#%#575#%#%#576#%#%#577#%#%#582#%#%#583#%#%#585#%#%#593#%#%#596#%#%#597#%#%#615#%#%#616#%#%#620#%#%#621#%#%#622#%#%#625#%#%#627#%#%#757#%#%#774#%#%#820#%#%#824#%#%#838#%#%#877#%#%#885#%#%#964"
"Warszawa, Ochota, Ochota, 2022-06";max_cost;"1448#%#%#1728#%#%#225#%#%#306#%#%#386#%#%#388#%#%#445#%#%#451#%#%#453#%#%#506#%#%#621#%#%#824#%#%#838#%#%#877#%#%#885"
"Warszawa, Ochota, Ochota, 2022-06";seq_phragmen;"1048#%#%#1058#%#%#1072#%#%#1099#%#%#1121#%#%#1126#%#%#1212#%#%#1334#%#%#1448#%#%#1682#%#%#1728#%#%#225#%#%#386#%#%#388#%#%#402#%#%#403#%#%#437#%#%#445#%#%#504#%#%#513#%#%#568#%#%#571#%#%#572#%#%#575#%#%#576#%#%#577#%#%#582#%#%#583#%#%#585#%#%#593#%#%#596#%#%#597#%#%#615#%#%#616#%#%#618#%#%#620#%#%#621#%#%#622#%#%#625#%#%#627#%#%#757#%#%#774#%#%#820#%#%#824#%#%#838#%#%#877#%#%#885#%#%#964"
"Warszawa, Ochota, Ochota, 2022-06";mes_cost_uncompleted;"1048#%#%#1072#%#%#1121#%#%#1334#%#%#1448#%#%#1682#%#%#1728#%#%#306#%#%#402#%#%#445#%#%#451#%#%#453#%#%#504#%#%#513#%#%#568#%#%#572#%#%#575#%#%#576#%#%#597#%#%#620#%#%#621#%#%#622#%#%#625#%#%#774#%#%#820#%#%#824#%#%#838#%#%#877#%#%#885"
"Warszawa, Ochota, Ochota, 2022-06";mes_cost;"1048#%#%#1072#%#%#1121#%#%#1334#%#%#1448#%#%#1682#%#%#1728#%#%#306#%#%#388#%#%#402#%#%#403#%#%#437#%#%#445#%#%#451#%#%#453#%#%#504#%#%#513#%#%#568#%#%#572#%#%#575#%#%#576#%#%#582#%#%#583#%#%#593#%#%#597#%#%#620#%#%#621#%#%#622#%#%#625#%#%#627#%#%#757#%#%#774#%#%#820#%#%#824#%#%#838#%#%#877#%#%#885"
"Warszawa, Ochota, Ochota, 2022-06";mes_cost_greedy;"1048#%#%#1072#%#%#1121#%#%#1334#%#%#1448#%#%#1682#%#%#1728#%#%#306#%#%#386#%#%#388#%#%#402#%#%#403#%#%#445#%#%#451#%#%#453#%#%#504#%#%#513#%#%#568#%#%#572#%#%#575#%#%#576#%#%#597#%#%#620#%#%#621#%#%#622#%#%#625#%#%#774#%#%#820#%#%#824#%#%#838#%#%#877#%#%#885"
"Warszawa, Ochota, Ochota, 2022-06";mes_card_uncompleted;"1048#%#%#1072#%#%#1099#%#%#1121#%#%#132#%#%#1334#%#%#1682#%#%#1728#%#%#388#%#%#402#%#%#403#%#%#437#%#%#445#%#%#504#%#%#513#%#%#568#%#%#572#%#%#575#%#%#576#%#%#577#%#%#582#%#%#583#%#%#593#%#%#596#%#%#597#%#%#615#%#%#616#%#%#618#%#%#620#%#%#621#%#%#622#%#%#625#%#%#627#%#%#757#%#%#774#%#%#820#%#%#824#%#%#838#%#%#877#%#%#885#%#%#964"
"Warszawa, Ochota, Ochota, 2022-06";mes_card;"1048#%#%#1072#%#%#1099#%#%#1121#%#%#1126#%#%#1212#%#%#132#%#%#1334#%#%#1682#%#%#1728#%#%#225#%#%#306#%#%#386#%#%#388#%#%#402#%#%#403#%#%#437#%#%#445#%#%#504#%#%#513#%#%#568#%#%#571#%#%#572#%#%#575#%#%#576#%#%#577#%#%#582#%#%#583#%#%#585#%#%#586#%#%#593#%#%#596#%#%#597#%#%#615#%#%#616#%#%#618#%#%#620#%#%#621#%#%#622#%#%#625#%#%#627#%#%#757#%#%#774#%#%#820#%#%#824#%#%#838#%#%#877#%#%#885#%#%#964"
"Warszawa, Ochota, Ochota, 2022-06";mes_card_greedy;"1048#%#%#1058#%#%#1072#%#%#1099#%#%#1121#%#%#1126#%#%#1212#%#%#132#%#%#1334#%#%#1682#%#%#1728#%#%#306#%#%#386#%#%#388#%#%#402#%#%#403#%#%#437#%#%#445#%#%#504#%#%#513#%#%#568#%#%#571#%#%#572#%#%#575#%#%#576#%#%#577#%#%#580#%#%#582#%#%#583#%#%#585#%#%#586#%#%#593#%#%#596#%#%#597#%#%#615#%#%#616#%#%#618#%#%#620#%#%#621#%#%#622#%#%#625#%#%#627#%#%#757#%#%#774#%#%#820#%#%#824#%#%#838#%#%#850#%#%#877#%#%#885#%#%#964"
"Warszawa, Ochota, Ochota, 2022-06";mes_sqrt_uncompleted;"1048#%#%#1072#%#%#1099#%#%#1121#%#%#1334#%#%#1682#%#%#1728#%#%#306#%#%#388#%#%#402#%#%#403#%#%#437#%#%#445#%#%#504#%#%#513#%#%#568#%#%#572#%#%#575#%#%#576#%#%#577#%#%#582#%#%#583#%#%#593#%#%#597#%#%#615#%#%#616#%#%#620#%#%#621#%#%#622#%#%#625#%#%#627#%#%#757#%#%#774#%#%#820#%#%#824#%#%#838#%#%#877#%#%#885#%#%#964"
"Warszawa, Ochota, Ochota, 2022-06";mes_sqrt;"1048#%#%#1072#%#%#1099#%#%#1121#%#%#1212#%#%#1334#%#%#1448#%#%#1682#%#%#1728#%#%#306#%#%#386#%#%#388#%#%#402#%#%#403#%#%#437#%#%#445#%#%#451#%#%#504#%#%#513#%#%#568#%#%#572#%#%#575#%#%#576#%#%#577#%#%#582#%#%#583#%#%#593#%#%#597#%#%#615#%#%#616#%#%#620#%#%#621#%#%#622#%#%#625#%#%#627#%#%#757#%#%#774#%#%#820#%#%#824#%#%#838#%#%#877#%#%#885#%#%#964"
"Warszawa, Ochota, Ochota, 2022-06";mes_sqrt_greedy;"1048#%#%#1072#%#%#1099#%#%#1121#%#%#1334#%#%#1448#%#%#1682#%#%#1728#%#%#306#%#%#386#%#%#388#%#%#402#%#%#403#%#%#437#%#%#445#%#%#451#%#%#504#%#%#513#%#%#568#%#%#572#%#%#575#%#%#576#%#%#577#%#%#582#%#%#583#%#%#586#%#%#593#%#%#597#%#%#615#%#%#616#%#%#620#%#%#621#%#%#622#%#%#625#%#%#627#%#%#757#%#%#774#%#%#820#%#%#824#%#%#838#%#%#877#%#%#885#%#%#964"
"Warszawa, Ursynów, Ursynów, 2022-06";greedy_card;"1033#%#%#1071#%#%#1124#%#%#1193#%#%#1194#%#%#121#%#%#1211#%#%#1261#%#%#1321#%#%#1385#%#%#1473#%#%#1496#%#%#1500#%#%#1504#%#%#1506#%#%#1510#%#%#1563#%#%#1617#%#%#1620#%#%#166#%#%#1694#%#%#1727#%#%#1736#%#%#1755#%#%#1766#%#%#1808#%#%#1816#%#%#1825#%#%#1884#%#%#1888#%#%#242#%#%#251#%#%#290#%#%#359#%#%#473#%#%#474#%#%#475#%#%#560#%#%#598#%#%#637#%#%#639#%#%#641#%#%#644#%#%#647#%#%#944#%#%#999"
"Warszawa, Ursynów, Ursynów, 2022-06";greedy_cost;"1033#%#%#1071#%#%#1261#%#%#1298#%#%#1376#%#%#1473#%#%#1617#%#%#1727#%#%#1736#%#%#1743#%#%#1766#%#%#1884#%#%#1888#%#%#290#%#%#475#%#%#637"
"Warszawa, Ursynów, Ursynów, 2022-06";greedy_cc;"1124#%#%#1193#%#%#1194#%#%#121#%#%#1211#%#%#1227#%#%#1261#%#%#1265#%#%#1321#%#%#1385#%#%#1473#%#%#1496#%#%#1500#%#%#1504#%#%#1506#%#%#1510#%#%#1563#%#%#1617#%#%#1620#%#%#166#%#%#1694#%#%#1721#%#%#1727#%#%#1736#%#%#1755#%#%#1766#%#%#1771#%#%#1808#%#%#1816#%#%#1825#%#%#1884#%#%#1888#%#%#251#%#%#290#%#%#359#%#%#473#%#%#474#%#%#475#%#%#560#%#%#598#%#%#637#%#%#641#%#%#644#%#%#944#%#%#999"
"Warszawa, Ursynów, Ursynów, 2022-06";max_card;"1033#%#%#1071#%#%#1124#%#%#1193#%#%#1194#%#%#121#%#%#1211#%#%#1261#%#%#1321#%#%#1385#%#%#1473#%#%#1496#%#%#1500#%#%#1504#%#%#1506#%#%#1510#%#%#1563#%#%#1617#%#%#1620#%#%#166#%#%#1694#%#%#1727#%#%#1736#%#%#1755#%#%#1766#%#%#1808#%#%#1816#%#%#1825#%#%#1884#%#%#1888#%#%#242#%#%#251#%#%#290#%#%#359#%#%#473#%#%#474#%#%#475#%#%#560#%#%#598#%#%#637#%#%#639#%#%#641#%#%#644#%#%#647#%#%#944#%#%#999"
"Warszawa, Ursynów, Ursynów, 2022-06";max_cost;"1071#%#%#1261#%#%#1295#%#%#1298#%#%#1473#%#%#1617#%#%#1736#%#%#1743#%#%#1884#%#%#1888#%#%#290#%#%#475#%#%#637"
"Warszawa, Ursynów, Ursynów, 2022-06";seq_phragmen;"1033#%#%#1071#%#%#1124#%#%#1193#%#%#1194#%#%#121#%#%#1211#%#%#1261#%#%#1321#%#%#1385#%#%#1473#%#%#1496#%#%#1500#%#%#1504#%#%#1506#%#%#1510#%#%#1617#%#%#166#%#%#1694#%#%#1727#%#%#1736#%#%#1755#%#%#1766#%#%#1771#%#%#1808#%#%#1816#%#%#1825#%#%#1884#%#%#1888#%#%#251#%#%#290#%#%#359#%#%#473#%#%#474#%#%#475#%#%#560#%#%#598#%#%#637#%#%#639#%#%#641#%#%#644#%#%#647#%#%#944#%#%#999"
"Warszawa, Ursynów, Ursynów, 2022-06";mes_cost_uncompleted;"1033#%#%#1071#%#%#1194#%#%#121#%#%#1211#%#%#1261#%#%#1298#%#%#1321#%#%#1385#%#%#1473#%#%#1504#%#%#1510#%#%#1617#%#%#166#%#%#1736#%#%#1755#%#%#1766#%#%#1816#%#%#1825#%#%#1884#%#%#1888#%#%#290#%#%#473#%#%#474#%#%#475#%#%#560#%#%#637#%#%#639#%#%#641#%#%#644#%#%#944#%#%#999"
"Warszawa, Ursynów, Ursynów, 2022-06";mes_cost;"1033#%#%#1071#%#%#1193#%#%#1194#%#%#121#%#%#1211#%#%#1261#%#%#1298#%#%#1321#%#%#1385#%#%#1473#%#%#1500#%#%#1504#%#%#1506#%#%#1510#%#%#1617#%#%#166#%#%#1694#%#%#1736#%#%#1755#%#%#1766#%#%#1771#%#%#1816#%#%#1825#%#%#1884#%#%#1888#%#%#251#%#%#290#%#%#473#%#%#474#%#%#475#%#%#560#%#%#637#%#%#639#%#%#641#%#%#644#%#%#647#%#%#944#%#%#999"
"Warszawa, Ursynów, Ursynów, 2022-06";mes_cost_greedy;"1033#%#%#1071#%#%#1193#%#%#1194#%#%#121#%#%#1211#%#%#1261#%#%#1298#%#%#1321#%#%#1376#%#%#1385#%#%#1473#%#%#1504#%#%#1510#%#%#1617#%#%#166#%#%#1727#%#%#1736#%#%#1755#%#%#1766#%#%#1816#%#%#1825#%#%#1884#%#%#1888#%#%#290#%#%#473#%#%#474#%#%#475#%#%#560#%#%#637#%#%#639#%#%#641#%#%#644#%#%#944#%#%#999"
"Warszawa, Ursynów, Ursynów, 2022-06";mes_card_uncompleted;"1033#%#%#1071#%#%#1193#%#%#1194#%#%#121#%#%#1211#%#%#1261#%#%#1321#%#%#1385#%#%#1473#%#%#1496#%#%#1500#%#%#1504#%#%#1506#%#%#1510#%#%#1617#%#%#166#%#%#1694#%#%#1727#%#%#1755#%#%#1766#%#%#1771#%#%#1808#%#%#1816#%#%#1825#%#%#1884#%#%#1888#%#%#251#%#%#290#%#%#359#%#%#473#%#%#474#%#%#475#%#%#560#%#%#598#%#%#637#%#%#639#%#%#641#%#%#644#%#%#647#%#%#944#%#%#999"
"Warszawa, Ursynów, Ursynów, 2022-06";mes_card;"1033#%#%#1071#%#%#1124#%#%#1193#%#%#1194#%#%#121#%#%#1211#%#%#1261#%#%#1321#%#%#1385#%#%#1473#%#%#1496#%#%#1500#%#%#1504#%#%#1506#%#%#1510#%#%#1617#%#%#1620#%#%#166#%#%#1694#%#%#1721#%#%#1727#%#%#1736#%#%#1755#%#%#1766#%#%#1771#%#%#1808#%#%#1816#%#%#1825#%#%#1884#%#%#1888#%#%#251#%#%#290#%#%#359#%#%#473#%#%#474#%#%#475#%#%#560#%#%#598#%#%#637#%#%#639#%#%#641#%#%#644#%#%#647#%#%#944#%#%#999"
"Warszawa, Ursynów, Ursynów, 2022-06";mes_card_greedy;"1033#%#%#1071#%#%#1124#%#%#1193#%#%#1194#%#%#121#%#%#1211#%#%#1261#%#%#1321#%#%#1376#%#%#1385#%#%#1473#%#%#1496#%#%#1500#%#%#1504#%#%#1506#%#%#1510#%#%#1602#%#%#1617#%#%#1620#%#%#166#%#%#1694#%#%#1727#%#%#1755#%#%#1766#%#%#1771#%#%#1808#%#%#1816#%#%#1825#%#%#1884#%#%#1888#%#%#242#%#%#251#%#%#290#%#%#359#%#%#473#%#%#474#%#%#475#%#%#560#%#%#598#%#%#637#%#%#639#%#%#641#%#%#644#%#%#647#%#%#944#%#%#999"
"Warszawa, Ursynów, Ursynów, 2022-06";mes_sqrt_uncompleted;"1033#%#%#1071#%#%#1193#%#%#1194#%#%#121#%#%#1211#%#%#1261#%#%#1321#%#%#1385#%#%#1473#%#%#1500#%#%#1504#%#%#1506#%#%#1510#%#%#1617#%#%#166#%#%#1694#%#%#1736#%#%#1755#%#%#1766#%#%#1771#%#%#1816#%#%#1825#%#%#1884#%#%#1888#%#%#251#%#%#290#%#%#473#%#%#474#%#%#475#%#%#560#%#%#637#%#%#639#%#%#641#%#%#644#%#%#647#%#%#944#%#%#999"
"Warszawa, Ursynów, Ursynów, 2022-06";mes_sqrt;"1033#%#%#1071#%#%#1193#%#%#1194#%#%#121#%#%#1211#%#%#1261#%#%#1321#%#%#1385#%#%#1473#%#%#1496#%#%#1500#%#%#1504#%#%#1506#%#%#1510#%#%#1563#%#%#1617#%#%#166#%#%#1694#%#%#1727#%#%#1736#%#%#1755#%#%#1766#%#%#1771#%#%#1808#%#%#1816#%#%#1825#%#%#1884#%#%#1888#%#%#242#%#%#251#%#%#290#%#%#359#%#%#473#%#%#474#%#%#475#%#%#560#%#%#598#%#%#637#%#%#639#%#%#641#%#%#644#%#%#647#%#%#944#%#%#999"
"Warszawa, Ursynów, Ursynów, 2022-06";mes_sqrt_greedy;"1033#%#%#1071#%#%#1193#%#%#1194#%#%#121#%#%#1211#%#%#1261#%#%#1321#%#%#1385#%#%#1473#%#%#1496#%#%#1500#%#%#1504#%#%#1506#%#%#1510#%#%#1563#%#%#1617#%#%#166#%#%#1694#%#%#1727#%#%#1736#%#%#1755#%#%#1766#%#%#1771#%#%#1808#%#%#1816#%#%#1825#%#%#1884#%#%#1888#%#%#242#%#%#251#%#%#290#%#%#359#%#%#473#%#%#474#%#%#475#%#%#560#%#%#598#%#%#637#%#%#639#%#%#641#%#%#644#%#%#647#%#%#944#%#%#999"
"Katowice, Brynów Część Wschodnia-Osiedle Zgrzebnioka, Brynów Część Wschodnia-Osiedle Zgrzebnioka, 2021-09";greedy_cardbal;"L5/02/VIII#%#%#L5/03/VIII#%#%#L5/05/VIII#%#%#L5/06/VIII#%#%#L5/08/VIII#%#%#L5/09/VIII#%#%#L5/12/VIII#%#%#L5/13/VIII"
"Katowice, Brynów Część Wschodnia-Osiedle Zgrzebnioka, Brynów Część Wschodnia-Osiedle Zgrzebnioka, 2021-09";greedy_cardbal_cc;"L5/02/VIII#%#%#L5/03/VIII#%#%#L5/05/VIII#%#%#L5/06/VIII#%#%#L5/08/VIII#%#%#L5/09/VIII#%#%#L5/12/VIII#%#%#L5/13/VIII"
"Katowice, Brynów Część Wschodnia-Osiedle Zgrzebnioka, Brynów Część Wschodnia-Osiedle Zgrzebnioka, 2021-09";max_add_card;"L5/02/VIII#%#%#L5/03/VIII#%#%#L5/05/VIII#%#%#L5/06/VIII#%#%#L5/08/VIII#%#%#L5/09/VIII#%#%#L5/12/VIII#%#%#L5/13/VIII"
"Katowice, Brynów Część Wschodnia-Osiedle Zgrzebnioka, Brynów Część Wschodnia-Osiedle Zgrzebnioka, 2021-09";mes_cardbal_uncompleted;"L5/02/VIII#%#%#L5/03/VIII#%#%#L5/05/VIII#%#%#L5/08/VIII#%#%#L5/09/VIII#%#%#L5/12/VIII"
"Katowice, Brynów Część Wschodnia-Osiedle Zgrzebnioka, Brynów Część Wschodnia-Osiedle Zgrzebnioka, 2021-09";mes_cardbal;"L5/02/VIII#%#%#L5/03/VIII#%#%#L5/05/VIII#%#%#L5/06/VIII#%#%#L5/08/VIII#%#%#L5/09/VIII#%#%#L5/12/VIII#%#%#L5/13/VIII"
"Katowice, Brynów Część Wschodnia-Osiedle Zgrzebnioka, Brynów Część Wschodnia-Osiedle Zgrzebnioka, 2021-09";mes_cardbal_greedy;"L5/02/VIII#%#%#L5/03/VIII#%#%#L5/05/VIII#%#%#L5/06/VIII#%#%#L5/08/VIII#%#%#L5/09/VIII#%#%#L5/12/VIII#%#%#L5/13/VIII"
"Warszawa, Praga-Północ, Praga-Północ, 2021-06";greedy_card;"1096#%#%#1128#%#%#1129#%#%#1142#%#%#1149#%#%#1211#%#%#1216#%#%#1245#%#%#1247#%#%#1253#%#%#1259#%#%#1278#%#%#1282#%#%#1294#%#%#1330#%#%#1363#%#%#1425#%#%#1435#%#%#1454#%#%#15#%#%#1525#%#%#1545#%#%#1553#%#%#1571#%#%#1646#%#%#1665#%#%#1683#%#%#1698#%#%#1770#%#%#1815#%#%#1833#%#%#20#%#%#2101#%#%#2104#%#%#24#%#%#26#%#%#284#%#%#295#%#%#345#%#%#398#%#%#563#%#%#64#%#%#664#%#%#7#%#%#717#%#%#764#%#%#881#%#%#883#%#%#885#%#%#886#%#%#890#%#%#9#%#%#910"
"Warszawa, Praga-Północ, Praga-Północ, 2021-06";greedy_cost;"1096#%#%#12#%#%#1259#%#%#1278#%#%#1294#%#%#1435#%#%#1664#%#%#179#%#%#1815#%#%#2101#%#%#23#%#%#24#%#%#7#%#%#764#%#%#890#%#%#9"
"Warszawa, Praga-Północ, Praga-Północ, 2021-06";greedy_cc;"1093#%#%#1096#%#%#1128#%#%#1129#%#%#1142#%#%#1149#%#%#1159#%#%#1211#%#%#1216#%#%#1220#%#%#1247#%#%#1278#%#%#1282#%#%#1294#%#%#1330#%#%#1363#%#%#1454#%#%#15#%#%#1553#%#%#1560#%#%#1571#%#%#1593#%#%#1646#%#%#1665#%#%#1683#%#%#1770#%#%#1815#%#%#1833#%#%#20#%#%#2104#%#%#295#%#%#398#%#%#563#%#%#7#%#%#717#%#%#764#%#%#787#%#%#810#%#%#881#%#%#883#%#%#885#%#%#890#%#%#910"
"Warszawa, Praga-Północ, Praga-Północ, 2021-06";max_card;"1096#%#%#1128#%#%#1129#%#%#1142#%#%#1149#%#%#1211#%#%#1216#%#%#1245#%#%#1247#%#%#1253#%#%#1259#%#%#1278#%#%#1282#%#%#1294#%#%#1330#%#%#1363#%#%#1425#%#%#1435#%#%#1454#%#%#15#%#%#1525#%#%#1545#%#%#1553#%#%#1571#%#%#1646#%#%#1665#%#%#1683#%#%#1698#%#%#1770#%#%#1815#%#%#1833#%#%#20#%#%#2101#%#%#2104#%#%#24#%#%#26#%#%#284#%#%#295#%#%#345#%#%#398#%#%#563#%#%#64#%#%#664#%#%#7#%#%#717#%#%#764#%#%#881#%#%#883#%#%#885#%#%#886#%#%#890#%#%#9#%#%#910"
"Warszawa, Praga-Północ, Praga-Północ, 2021-06";max_cost;"1096#%#%#12#%#%#1259#%#%#1278#%#%#1294#%#%#1435#%#%#179#%#%#23#%#%#7#%#%#9#%#%#930"
"Warszawa, Praga-Północ, Praga-Północ, 2021-06";seq_phragmen;"1096#%#%#1128#%#%#1129#%#%#1142#%#%#1149#%#%#1211#%#%#1216#%#%#1247#%#%#1253#%#%#1259#%#%#1278#%#%#1282#%#%#1294#%#%#1330#%#%#1363#%#%#1425#%#%#1435#%#%#1454#%#%#15#%#%#1525#%#%#1545#%#%#1553#%#%#1571#%#%#1646#%#%#1665#%#%#1683#%#%#1698#%#%#1770#%#%#1815#%#%#1833#%#%#20#%#%#2101#%#%#2104#%#%#24#%#%#26#%#%#284#%#%#295#%#%#345#%#%#398#%#%#563#%#%#64#%#%#664#%#%#7#%#%#717#%#%#764#%#%#881#%#%#883#%#%#885#%#%#886#%#%#890#%#%#9#%#%#910"
"Warszawa, Praga-Północ, Praga-Północ, 2021-06";mes_cost_uncompleted;"1096#%#%#1142#%#%#12#%#%#1259#%#%#1278#%#%#1294#%#%#1330#%#%#1435#%#%#15#%#%#1553#%#%#1664#%#%#1665#%#%#1683#%#%#1770#%#%#1815#%#%#1833#%#%#20#%#%#2101#%#%#295#%#%#398#%#%#563#%#%#64#%#%#7#%#%#764#%#%#881#%#%#883#%#%#885#%#%#890#%#%#9#%#%#910"
"Warszawa, Praga-Północ, Praga-Północ, 2021-06";mes_cost;"1096#%#%#1142#%#%#12#%#%#1211#%#%#1259#%#%#1278#%#%#1282#%#%#1294#%#%#1330#%#%#1363#%#%#1425#%#%#1435#%#%#15#%#%#1553#%#%#1571#%#%#1646#%#%#1664#%#%#1665#%#%#1683#%#%#1698#%#%#1770#%#%#1815#%#%#1833#%#%#20#%#%#2101#%#%#24#%#%#26#%#%#295#%#%#345#%#%#398#%#%#563#%#%#64#%#%#7#%#%#764#%#%#881#%#%#883#%#%#885#%#%#890#%#%#9#%#%#910"
"Warszawa, Praga-Północ, Praga-Północ, 2021-06";mes_cost_greedy;"1096#%#%#1128#%#%#1142#%#%#12#%#%#1259#%#%#1278#%#%#1294#%#%#1330#%#%#1435#%#%#15#%#%#1553#%#%#1571#%#%#1664#%#%#1665#%#%#1683#%#%#1770#%#%#179#%#%#1815#%#%#1833#%#%#20#%#%#2101#%#%#295#%#%#398#%#%#563#%#%#64#%#%#7#%#%#764#%#%#881#%#%#883#%#%#885#%#%#890#%#%#9#%#%#910"
"Warszawa, Praga-Północ, Praga-Północ, 2021-06";mes_card_uncompleted;"1096#%#%#1128#%#%#1129#%#%#1142#%#%#1149#%#%#1211#%#%#1216#%#%#1247#%#%#1253#%#%#1259#%#%#1278#%#%#1282#%#%#1294#%#%#1330#%#%#1363#%#%#1425#%#%#15#%#%#1525#%#%#1553#%#%#1571#%#%#1646#%#%#1665#%#%#1683#%#%#1698#%#%#1770#%#%#1815#%#%#1833#%#%#20#%#%#2101#%#%#2104#%#%#24#%#%#26#%#%#345#%#%#398#%#%#563#%#%#64#%#%#664#%#%#7#%#%#717#%#%#764#%#%#881#%#%#883#%#%#885#%#%#886#%#%#890#%#%#9#%#%#910"
"Warszawa, Praga-Północ, Praga-Północ, 2021-06";mes_card;"1096#%#%#1128#%#%#1129#%#%#1142#%#%#1149#%#%#1211#%#%#1216#%#%#1245#%#%#1247#%#%#1253#%#%#1259#%#%#1278#%#%#1282#%#%#1294#%#%#1330#%#%#1363#%#%#1425#%#%#1435#%#%#1454#%#%#15#%#%#1525#%#%#1545#%#%#1553#%#%#1571#%#%#1646#%#%#1665#%#%#1683#%#%#1698#%#%#1770#%#%#1815#%#%#1833#%#%#20#%#%#2101#%#%#2104#%#%#24#%#%#26#%#%#284#%#%#295#%#%#345#%#%#398#%#%#563#%#%#64#%#%#664#%#%#7#%#%#717#%#%#764#%#%#881#%#%#883#%#%#885#%#%#886#%#%#890#%#%#9#%#%#910"
"Warszawa, Praga-Północ, Praga-Północ, 2021-06";mes_card_greedy;"1096#%#%#1128#%#%#1129#%#%#1142#%#%#1149#%#%#1211#%#%#1216#%#%#1245#%#%#1247#%#%#1253#%#%#1259#%#%#1278#%#%#1282#%#%#1294#%#%#1330#%#%#1363#%#%#1425#%#%#1435#%#%#1454#%#%#15#%#%#1525#%#%#1545#%#%#1553#%#%#1571#%#%#1646#%#%#1665#%#%#1683#%#%#1698#%#%#1770#%#%#1815#%#%#1833#%#%#20#%#%#2101#%#%#2104#%#%#24#%#%#26#%#%#284#%#%#295#%#%#345#%#%#398#%#%#563#%#%#64#%#%#664#%#%#7#%#%#717#%#%#764#%#%#881#%#%#883#%#%#885#%#%#886#%#%#890#%#%#9#%#%#910"
"Warszawa, Praga-Północ, Praga-Północ, 2021-06";mes_sqrt_uncompleted;"1096#%#%#1128#%#%#1129#%#%#1142#%#%#1149#%#%#1211#%#%#1216#%#%#1247#%#%#1259#%#%#1278#%#%#1282#%#%#1294#%#%#1330#%#%#1363#%#%#1425#%#%#1435#%#%#15#%#%#1553#%#%#1571#%#%#1646#%#%#1665#%#%#1683#%#%#1698#%#%#1770#%#%#1815#%#%#1833#%#%#20#%#%#2101#%#%#2104#%#%#26#%#%#345#%#%#398#%#%#563#%#%#64#%#%#7#%#%#764#%#%#881#%#%#883#%#%#885#%#%#890#%#%#9#%#%#910"
"Warszawa, Praga-Północ, Praga-Północ, 2021-06";mes_sqrt;"1096#%#%#1128#%#%#1129#%#%#1142#%#%#1149#%#%#1211#%#%#1216#%#%#1245#%#%#1247#%#%#1253#%#%#1259#%#%#1278#%#%#1282#%#%#1294#%#%#1330#%#%#1363#%#%#1425#%#%#1435#%#%#1454#%#%#15#%#%#1525#%#%#1545#%#%#1553#%#%#1571#%#%#1646#%#%#1665#%#%#1683#%#%#1698#%#%#1770#%#%#1815#%#%#1833#%#%#20#%#%#2101#%#%#2104#%#%#24#%#%#26#%#%#284#%#%#295#%#%#345#%#%#398#%#%#563#%#%#64#%#%#664#%#%#7#%#%#717#%#%#764#%#%#881#%#%#883#%#%#885#%#%#886#%#%#890#%#%#9#%#%#910"
"Warszawa, Praga-Północ, Praga-Północ, 2021-06";mes_sqrt_greedy;"1096#%#%#1128#%#%#1129#%#%#1142#%#%#1149#%#%#12#%#%#1211#%#%#1216#%#%#1247#%#%#1253#%#%#1259#%#%#1278#%#%#1282#%#%#1294#%#%#1330#%#%#1363#%#%#1425#%#%#1435#%#%#1454#%#%#15#%#%#1553#%#%#1571#%#%#1646#%#%#1665#%#%#1683#%#%#1698#%#%#1770#%#%#1815#%#%#1833#%#%#20#%#%#2101#%#%#2104#%#%#24#%#%#26#%#%#295#%#%#345#%#%#398#%#%#563#%#%#64#%#%#7#%#%#764#%#%#881#%#%#883#%#%#885#%#%#890#%#%#9#%#%#910"
"Warszawa, Ursynów, Ursynów, 2021-06";greedy_card;"1006#%#%#1008#%#%#1010#%#%#1016#%#%#1051#%#%#1082#%#%#1119#%#%#1173#%#%#1175#%#%#1178#%#%#1182#%#%#1189#%#%#1199#%#%#1235#%#%#1248#%#%#1261#%#%#1277#%#%#1299#%#%#1306#%#%#1312#%#%#1320#%#%#1338#%#%#1355#%#%#1358#%#%#1360#%#%#1365#%#%#1366#%#%#1367#%#%#1368#%#%#1370#%#%#1399#%#%#151#%#%#1636#%#%#1711#%#%#1736#%#%#1761#%#%#19#%#%#1952#%#%#1990#%#%#2016#%#%#2095#%#%#2100#%#%#2112#%#%#2136#%#%#2165#%#%#2168#%#%#415#%#%#416#%#%#417#%#%#418#%#%#426#%#%#465#%#%#609#%#%#619#%#%#673#%#%#704#%#%#797#%#%#799#%#%#814#%#%#839#%#%#872#%#%#948#%#%#955#%#%#957#%#%#975#%#%#997"
"Warszawa, Ursynów, Ursynów, 2021-06";greedy_cost;"1080#%#%#1248#%#%#1261#%#%#1265#%#%#1338#%#%#167#%#%#1711#%#%#1761#%#%#1875#%#%#19#%#%#2016#%#%#619#%#%#797#%#%#799#%#%#975"
"Warszawa, Ursynów, Ursynów, 2021-06";greedy_cc;"1008#%#%#1016#%#%#1031#%#%#1051#%#%#1082#%#%#1119#%#%#1175#%#%#1178#%#%#1182#%#%#1189#%#%#1235#%#%#1248#%#%#1261#%#%#1277#%#%#1299#%#%#1306#%#%#1320#%#%#1333#%#%#1338#%#%#1355#%#%#1361#%#%#1365#%#%#1370#%#%#1371#%#%#1399#%#%#150#%#%#151#%#%#1636#%#%#1711#%#%#1736#%#%#1761#%#%#1767#%#%#1888#%#%#19#%#%#1952#%#%#1990#%#%#2016#%#%#2095#%#%#2100#%#%#2112#%#%#2136#%#%#2168#%#%#415#%#%#417#%#%#426#%#%#465#%#%#609#%#%#619#%#%#704#%#%#814#%#%#839#%#%#871#%#%#872#%#%#948#%#%#957#%#%#975#%#%#997"
"Warszawa, Ursynów, Ursynów, 2021-06";max_card;"1006#%#%#1008#%#%#1010#%#%#1016#%#%#1051#%#%#1082#%#%#1119#%#%#1173#%#%#1175#%#%#1178#%#%#1182#%#%#1189#%#%#1199#%#%#1235#%#%#1248#%#%#1261#%#%#1277#%#%#1299#%#%#1306#%#%#1312#%#%#1320#%#%#1338#%#%#1355#%#%#1358#%#%#1360#%#%#1365#%#%#1366#%#%#1367#%#%#1368#%#%#1370#%#%#1399#%#%#151#%#%#1636#%#%#1711#%#%#1736#%#%#1761#%#%#19#%#%#1952#%#%#1990#%#%#2016#%#%#2095#%#%#2100#%#%#2112#%#%#2136#%#%#2165#%#%#2168#%#%#415#%#%#416#%#%#417#%#%#418#%#%#426#%#%#465#%#%#609#%#%#619#%#%#673#%#%#704#%#%#797#%#%#799#%#%#814#%#%#839#%#%#872#%#%#948#%#%#955#%#%#957#%#%#975#%#%#997"
"Warszawa, Ursynów, Ursynów, 2021-06";max_cost;"1080#%#%#1248#%#%#1261#%#%#1265#%#%#1338#%#%#167#%#%#1711#%#%#1761#%#%#1875#%#%#19#%#%#2016#%#%#619#%#%#797#%#%#799#%#%#975"
"Warszawa, Ursynów, Ursynów, 2021-06";seq_phragmen;"1006#%#%#1008#%#%#1010#%#%#1016#%#%#1034#%#%#1051#%#%#1082#%#%#1119#%#%#1173#%#%#1175#%#%#1178#%#%#1182#%#%#1189#%#%#1199#%#%#1235#%#%#1248#%#%#1261#%#%#1277#%#%#1299#%#%#1306#%#%#1312#%#%#1320#%#%#1338#%#%#1355#%#%#1360#%#%#1365#%#%#1366#%#%#1367#%#%#1370#%#%#1399#%#%#151#%#%#1636#%#%#1711#%#%#1736#%#%#1761#%#%#19#%#%#1952#%#%#1990#%#%#2016#%#%#2095#%#%#2100#%#%#2112#%#%#2136#%#%#2168#%#%#415#%#%#417#%#%#418#%#%#426#%#%#465#%#%#609#%#%#619#%#%#673#%#%#704#%#%#797#%#%#799#%#%#814#%#%#839#%#%#872#%#%#948#%#%#955#%#%#975#%#%#997"
"Warszawa, Ursynów, Ursynów, 2021-06";mes_cost_uncompleted;"1006#%#%#1010#%#%#1082#%#%#1182#%#%#1235#%#%#1248#%#%#1261#%#%#1320#%#%#1338#%#%#1355#%#%#1360#%#%#1399#%#%#151#%#%#1636#%#%#1711#%#%#1761#%#%#1875#%#%#19#%#%#1952#%#%#1990#%#%#2016#%#%#2095#%#%#2100#%#%#2112#%#%#2136#%#%#415#%#%#417#%#%#426#%#%#465#%#%#609#%#%#619#%#%#704#%#%#797#%#%#799#%#%#872#%#%#948#%#%#955#%#%#975#%#%#997"
"Warszawa, Ursynów, Ursynów, 2021-06";mes_cost;"1006#%#%#1010#%#%#1082#%#%#1119#%#%#1182#%#%#1235#%#%#1248#%#%#1261#%#%#1277#%#%#1283#%#%#1320#%#%#1338#%#%#1355#%#%#1358#%#%#1399#%#%#150#%#%#1636#%#%#1711#%#%#1761#%#%#1875#%#%#19#%#%#1952#%#%#1990#%#%#2016#%#%#2095#%#%#2100#%#%#2112#%#%#2136#%#%#415#%#%#417#%#%#426#%#%#465#%#%#609#%#%#619#%#%#704#%#%#797#%#%#799#%#%#814#%#%#872#%#%#948#%#%#975#%#%#997"
"Warszawa, Ursynów, Ursynów, 2021-06";mes_cost_greedy;"1006#%#%#1010#%#%#1082#%#%#1182#%#%#1235#%#%#1248#%#%#1261#%#%#1277#%#%#1320#%#%#1338#%#%#1355#%#%#1360#%#%#1399#%#%#151#%#%#1636#%#%#167#%#%#1711#%#%#1761#%#%#1875#%#%#19#%#%#1952#%#%#1990#%#%#2016#%#%#2095#%#%#2100#%#%#2112#%#%#2136#%#%#415#%#%#417#%#%#426#%#%#465#%#%#609#%#%#619#%#%#704#%#%#797#%#%#799#%#%#872#%#%#948#%#%#955#%#%#975#%#%#997"
"Warszawa, Ursynów, Ursynów, 2021-06";mes_card_uncompleted;"1006#%#%#1008#%#%#1010#%#%#1082#%#%#1119#%#%#1175#%#%#1178#%#%#1182#%#%#1189#%#%#1235#%#%#1248#%#%#1277#%#%#1299#%#%#1306#%#%#1312#%#%#1320#%#%#1338#%#%#1355#%#%#1360#%#%#1365#%#%#1366#%#%#1370#%#%#1399#%#%#151#%#%#1636#%#%#1711#%#%#1736#%#%#1761#%#%#19#%#%#1952#%#%#1990#%#%#2016#%#%#2095#%#%#2100#%#%#2136#%#%#2168#%#%#415#%#%#417#%#%#418#%#%#426#%#%#465#%#%#609#%#%#619#%#%#673#%#%#704#%#%#797#%#%#799#%#%#814#%#%#839#%#%#872#%#%#948#%#%#955#%#%#975#%#%#997"
"Warszawa, Ursynów, Ursynów, 2021-06";mes_card;"1006#%#%#1008#%#%#1010#%#%#1016#%#%#1034#%#%#1051#%#%#1082#%#%#1119#%#%#1173#%#%#1175#%#%#1178#%#%#1182#%#%#1189#%#%#1199#%#%#1235#%#%#1248#%#%#1261#%#%#1277#%#%#1299#%#%#1306#%#%#1312#%#%#1320#%#%#1338#%#%#1355#%#%#1358#%#%#1360#%#%#1365#%#%#1366#%#%#1367#%#%#1368#%#%#1370#%#%#1399#%#%#151#%#%#1636#%#%#1711#%#%#1736#%#%#1761#%#%#19#%#%#1952#%#%#1990#%#%#2016#%#%#2095#%#%#2100#%#%#2112#%#%#2136#%#%#2168#%#%#415#%#%#416#%#%#417#%#%#418#%#%#426#%#%#465#%#%#609#%#%#619#%#%#673#%#%#704#%#%#797#%#%#799#%#%#814#%#%#839#%#%#872#%#%#948#%#%#955#%#%#975#%#%#997"
"Warszawa, Ursynów, Ursynów, 2021-06";mes_card_greedy;"1006#%#%#1008#%#%#1010#%#%#1016#%#%#1051#%#%#1082#%#%#1119#%#%#1173#%#%#1175#%#%#1178#%#%#1182#%#%#1189#%#%#1199#%#%#1235#%#%#1248#%#%#1261#%#%#1277#%#%#1299#%#%#1306#%#%#1312#%#%#1320#%#%#1338#%#%#1355#%#%#1358#%#%#1360#%#%#1365#%#%#1366#%#%#1367#%#%#1368#%#%#1370#%#%#1399#%#%#151#%#%#1636#%#%#1711#%#%#1736#%#%#1761#%#%#19#%#%#1952#%#%#1990#%#%#2016#%#%#2095#%#%#2100#%#%#2112#%#%#2136#%#%#2165#%#%#2168#%#%#415#%#%#416#%#%#417#%#%#418#%#%#426#%#%#465#%#%#609#%#%#619#%#%#673#%#%#704#%#%#797#%#%#799#%#%#814#%#%#839#%#%#872#%#%#948#%#%#955#%#%#957#%#%#975#%#%#997"
"Warszawa, Ursynów, Ursynów, 2021-06";mes_sqrt_uncompleted;"1006#%#%#1008#%#%#1010#%#%#1082#%#%#1119#%#%#1175#%#%#1178#%#%#1182#%#%#1189#%#%#1235#%#%#1248#%#%#1261#%#%#1277#%#%#1306#%#%#1320#%#%#1338#%#%#1355#%#%#1360#%#%#1365#%#%#1399#%#%#151#%#%#1636#%#%#1711#%#%#1736#%#%#1761#%#%#19#%#%#1952#%#%#1990#%#%#2016#%#%#2095#%#%#2100#%#%#2112#%#%#2136#%#%#2168#%#%#415#%#%#417#%#%#426#%#%#465#%#%#609#%#%#619#%#%#673#%#%#704#%#%#797#%#%#799#%#%#814#%#%#872#%#%#948#%#%#955#%#%#975#%#%#997"
"Warszawa, Ursynów, Ursynów, 2021-06";mes_sqrt;"1006#%#%#1008#%#%#1010#%#%#1016#%#%#1034#%#%#1051#%#%#1082#%#%#1119#%#%#1173#%#%#1175#%#%#1178#%#%#1182#%#%#1235#%#%#1248#%#%#1261#%#%#1277#%#%#1299#%#%#1306#%#%#1312#%#%#1320#%#%#1338#%#%#1355#%#%#1358#%#%#1360#%#%#1365#%#%#1399#%#%#150#%#%#151#%#%#1636#%#%#1711#%#%#1736#%#%#1761#%#%#19#%#%#1952#%#%#1990#%#%#2016#%#%#2095#%#%#2100#%#%#2112#%#%#2136#%#%#2168#%#%#415#%#%#417#%#%#418#%#%#426#%#%#465#%#%#609#%#%#619#%#%#673#%#%#704#%#%#797#%#%#799#%#%#814#%#%#839#%#%#872#%#%#948#%#%#955#%#%#975#%#%#997"
"Warszawa, Ursynów, Ursynów, 2021-06";mes_sqrt_greedy;"1006#%#%#1008#%#%#1010#%#%#1082#%#%#1119#%#%#1175#%#%#1178#%#%#1182#%#%#1189#%#%#1235#%#%#1248#%#%#1261#%#%#1277#%#%#1299#%#%#1306#%#%#1312#%#%#1320#%#%#1338#%#%#1355#%#%#1358#%#%#1360#%#%#1365#%#%#1399#%#%#151#%#%#1636#%#%#1711#%#%#1736#%#%#1761#%#%#1875#%#%#19#%#%#1952#%#%#1990#%#%#2016#%#%#2095#%#%#2100#%#%#2112#%#%#2136#%#%#2168#%#%#415#%#%#417#%#%#426#%#%#465#%#%#609#%#%#619#%#%#673#%#%#704#%#%#797#%#%#799#%#%#814#%#%#872#%#%#948#%#%#955#%#%#975#%#%#997"
"Kraków, 2020-09";greedy_borda;"102#%#%#104#%#%#105#%#%#11#%#%#110#%#%#111#%#%#115#%#%#119#%#%#121#%#%#123#%#%#13#%#%#133#%#%#142#%#%#144#%#%#17#%#%#172#%#%#174#%#%#178#%#%#181#%#%#24#%#%#25#%#%#27#%#%#3#%#%#34#%#%#4#%#%#43#%#%#45#%#%#51#%#%#52#%#%#58#%#%#59#%#%#62#%#%#65#%#%#69#%#%#7#%#%#71#%#%#84#%#%#85#%#%#86#%#%#9#%#%#90#%#%#96#%#%#98"
"Kraków, 2020-09";max_borda;"102#%#%#104#%#%#105#%#%#11#%#%#110#%#%#111#%#%#115#%#%#119#%#%#121#%#%#13#%#%#132#%#%#133#%#%#138#%#%#144#%#%#17#%#%#172#%#%#174#%#%#178#%#%#181#%#%#24#%#%#25#%#%#27#%#%#3#%#%#34#%#%#4#%#%#43#%#%#45#%#%#51#%#%#52#%#%#58#%#%#59#%#%#62#%#%#65#%#%#69#%#%#7#%#%#71#%#%#84#%#%#85#%#%#86#%#%#9#%#%#90#%#%#96#%#%#98"
"Kraków, 2020-09";mes_borda_uncompleted;"111#%#%#115#%#%#121#%#%#13#%#%#133#%#%#144#%#%#172#%#%#174#%#%#178#%#%#4#%#%#51#%#%#52#%#%#58#%#%#65#%#%#69#%#%#7#%#%#71#%#%#90#%#%#96"
"Kraków, 2020-09";mes_borda;"102#%#%#104#%#%#105#%#%#11#%#%#110#%#%#111#%#%#115#%#%#119#%#%#121#%#%#123#%#%#13#%#%#133#%#%#142#%#%#144#%#%#17#%#%#172#%#%#174#%#%#178#%#%#181#%#%#24#%#%#25#%#%#27#%#%#3#%#%#34#%#%#4#%#%#43#%#%#45#%#%#51#%#%#52#%#%#58#%#%#59#%#%#62#%#%#65#%#%#69#%#%#7#%#%#71#%#%#84#%#%#85#%#%#86#%#%#9#%#%#90#%#%#96#%#%#98"
"Kraków, 2020-09";mes_borda_greedy;"102#%#%#104#%#%#105#%#%#11#%#%#110#%#%#111#%#%#115#%#%#119#%#%#121#%#%#123#%#%#13#%#%#133#%#%#142#%#%#144#%#%#17#%#%#172#%#%#174#%#%#178#%#%#181#%#%#24#%#%#25#%#%#27#%#%#3#%#%#34#%#%#4#%#%#43#%#%#45#%#%#51#%#%#52#%#%#58#%#%#59#%#%#62#%#%#65#%#%#69#%#%#7#%#%#71#%#%#84#%#%#85#%#%#86#%#%#9#%#%#90#%#%#96#%#%#98"
"Kraków, NOWA HUTA, NOWA HUTA, 2020-09";greedy_borda;"1#%#%#12#%#%#14#%#%#22#%#%#23#%#%#24#%#%#30#%#%#38#%#%#5#%#%#72#%#%#8#%#%#82#%#%#89#%#%#9#%#%#95"
"Kraków, NOWA HUTA, NOWA HUTA, 2020-09";max_borda;"1#%#%#12#%#%#14#%#%#22#%#%#23#%#%#24#%#%#30#%#%#38#%#%#5#%#%#72#%#%#8#%#%#82#%#%#89#%#%#9#%#%#95"
"Kraków, NOWA HUTA, NOWA HUTA, 2020-09";mes_borda_uncompleted;"12#%#%#22#%#%#23#%#%#38#%#%#5#%#%#72#%#%#89#%#%#9"
"Kraków, NOWA HUTA, NOWA HUTA, 2020-09";mes_borda;"1#%#%#12#%#%#2#%#%#22#%#%#23#%#%#24#%#%#30#%#%#32#%#%#36#%#%#38#%#%#43#%#%#5#%#%#62#%#%#67#%#%#72#%#%#8#%#%#82#%#%#86#%#%#89#%#%#9#%#%#95"
"Kraków, NOWA HUTA, NOWA HUTA, 2020-09";mes_borda_greedy;"1#%#%#12#%#%#14#%#%#22#%#%#23#%#%#24#%#%#30#%#%#38#%#%#5#%#%#72#%#%#8#%#%#82#%#%#89#%#%#9#%#%#95"
"Kraków, GRZEGÓRZKI, GRZEGÓRZKI, 2020-09";greedy_borda;"10#%#%#11#%#%#12#%#%#13#%#%#16#%#%#2#%#%#21#%#%#22#%#%#29#%#%#3#%#%#36#%#%#39#%#%#40#%#%#46#%#%#6#%#%#7#%#%#8#%#%#9"
"Kraków, GRZEGÓRZKI, GRZEGÓRZKI, 2020-09";max_borda;"10#%#%#11#%#%#13#%#%#16#%#%#2#%#%#21#%#%#22#%#%#29#%#%#3#%#%#36#%#%#39#%#%#41#%#%#46#%#%#6#%#%#7#%#%#8#%#%#9"
"Kraków, GRZEGÓRZKI, GRZEGÓRZKI, 2020-09";mes_borda_uncompleted;"10#%#%#2#%#%#21#%#%#29#%#%#3#%#%#36#%#%#40#%#%#46#%#%#6#%#%#8#%#%#9"
"Kraków, GRZEGÓRZKI, GRZEGÓRZKI, 2020-09";mes_borda;"10#%#%#11#%#%#12#%#%#16#%#%#2#%#%#21#%#%#22#%#%#28#%#%#29#%#%#3#%#%#36#%#%#39#%#%#40#%#%#41#%#%#46#%#%#6#%#%#7#%#%#8#%#%#9"
"Kraków, GRZEGÓRZKI, GRZEGÓRZKI, 2020-09";mes_borda_greedy;"10#%#%#11#%#%#12#%#%#13#%#%#16#%#%#2#%#%#21#%#%#22#%#%#29#%#%#3#%#%#36#%#%#39#%#%#40#%#%#46#%#%#6#%#%#7#%#%#8#%#%#9"
"Kraków, PODGÓRZE, PODGÓRZE, 2020-09";greedy_borda;"1#%#%#19#%#%#22#%#%#28#%#%#33#%#%#35#%#%#38#%#%#41#%#%#42#%#%#45#%#%#46#%#%#47#%#%#49#%#%#58#%#%#6#%#%#8"
"Kraków, PODGÓRZE, PODGÓRZE, 2020-09";max_borda;"1#%#%#11#%#%#18#%#%#19#%#%#33#%#%#35#%#%#38#%#%#41#%#%#45#%#%#47#%#%#58#%#%#8"
"Kraków, PODGÓRZE, PODGÓRZE, 2020-09";mes_borda_uncompleted;"19#%#%#38#%#%#41#%#%#45#%#%#58#%#%#8"
"Kraków, PODGÓRZE, PODGÓRZE, 2020-09";mes_borda;"1#%#%#19#%#%#22#%#%#28#%#%#33#%#%#35#%#%#38#%#%#41#%#%#42#%#%#45#%#%#46#%#%#47#%#%#49#%#%#58#%#%#6#%#%#8"
"Kraków, PODGÓRZE, PODGÓRZE, 2020-09";mes_borda_greedy;"1#%#%#19#%#%#22#%#%#28#%#%#33#%#%#35#%#%#38#%#%#41#%#%#42#%#%#45#%#%#46#%#%#47#%#%#49#%#%#58#%#%#6#%#%#8"
"Katowice, Murcki, Murcki, 2020-09";greedy_cardbal;"L18/01/VII#%#%#L18/02/VII#%#%#L18/03/VII#%#%#L18/04/VII#%#%#L18/05/VII#%#%#L18/10/VII#%#%#L18/14/VII#%#%#L18/15/VII#%#%#L18/16/VII#%#%#L18/17/VII#%#%#L18/18/VII#%#%#L18/21/VII"
"Katowice, Murcki, Murcki, 2020-09";greedy_cardbal_cc;"L18/01/VII#%#%#L18/02/VII#%#%#L18/03/VII#%#%#L18/04/VII#%#%#L18/05/VII#%#%#L18/13/VII#%#%#L18/14/VII#%#%#L18/15/VII#%#%#L18/16/VII#%#%#L18/17/VII#%#%#L18/18/VII#%#%#L18/21/VII"
"Katowice, Murcki, Murcki, 2020-09";max_add_card;"L18/01/VII#%#%#L18/02/VII#%#%#L18/03/VII#%#%#L18/04/VII#%#%#L18/05/VII#%#%#L18/10/VII#%#%#L18/14/VII#%#%#L18/15/VII#%#%#L18/16/VII#%#%#L18/17/VII#%#%#L18/18/VII#%#%#L18/21/VII"
"Katowice, Murcki, Murcki, 2020-09";mes_cardbal_uncompleted;"L18/01/VII#%#%#L18/03/VII#%#%#L18/04/VII#%#%#L18/05/VII#%#%#L18/15/VII#%#%#L18/17/VII#%#%#L18/18/VII"
"Katowice, Murcki, Murcki, 2020-09";mes_cardbal;"L18/01/VII#%#%#L18/02/VII#%#%#L18/03/VII#%#%#L18/04/VII#%#%#L18/05/VII#%#%#L18/10/VII#%#%#L18/14/VII#%#%#L18/15/VII#%#%#L18/16/VII#%#%#L18/17/VII#%#%#L18/18/VII#%#%#L18/21/VII"
"Katowice, Murcki, Murcki, 2020-09";mes_cardbal_greedy;"L18/01/VII#%#%#L18/02/VII#%#%#L18/03/VII#%#%#L18/04/VII#%#%#L18/05/VII#%#%#L18/10/VII#%#%#L18/14/VII#%#%#L18/15/VII#%#%#L18/16/VII#%#%#L18/17/VII#%#%#L18/18/VII#%#%#L18/21/VII"
"Warszawa, Ursynów, Ursynów, 2020-09";greedy_card;"1005#%#%#1013#%#%#1022#%#%#1051#%#%#1071#%#%#1073#%#%#1074#%#%#1156#%#%#1203#%#%#1214#%#%#1220#%#%#1402#%#%#1411#%#%#1412#%#%#1464#%#%#1469#%#%#1471#%#%#1472#%#%#1609#%#%#1623#%#%#1687#%#%#1734#%#%#1793#%#%#1797#%#%#1800#%#%#1837#%#%#210#%#%#2120#%#%#2136#%#%#2141#%#%#2155#%#%#2156#%#%#2165#%#%#2177#%#%#2185#%#%#2187#%#%#2195#%#%#2196#%#%#341#%#%#35#%#%#357#%#%#362#%#%#367#%#%#381#%#%#392#%#%#409#%#%#412#%#%#414#%#%#430#%#%#447#%#%#450#%#%#499#%#%#613#%#%#686#%#%#773#%#%#782#%#%#793#%#%#856#%#%#864#%#%#879#%#%#950#%#%#955#%#%#976"
"Warszawa, Ursynów, Ursynów, 2020-09";greedy_cost;"1469#%#%#1471#%#%#1623#%#%#1687#%#%#1699#%#%#1947#%#%#2136#%#%#224#%#%#392#%#%#459#%#%#782#%#%#911#%#%#950#%#%#954#%#%#955"
"Warszawa, Ursynów, Ursynów, 2020-09";greedy_cc;"1005#%#%#1013#%#%#1051#%#%#1073#%#%#1074#%#%#1214#%#%#1220#%#%#1402#%#%#1412#%#%#1471#%#%#1472#%#%#1623#%#%#1626#%#%#1687#%#%#1734#%#%#1793#%#%#1800#%#%#2060#%#%#210#%#%#2120#%#%#2136#%#%#2141#%#%#2156#%#%#2177#%#%#2185#%#%#2196#%#%#2223#%#%#279#%#%#341#%#%#35#%#%#357#%#%#367#%#%#392#%#%#409#%#%#414#%#%#430#%#%#447#%#%#613#%#%#686#%#%#773#%#%#782#%#%#864#%#%#879#%#%#950#%#%#955#%#%#976"
"Warszawa, Ursynów, Ursynów, 2020-09";max_card;"1005#%#%#1013#%#%#1051#%#%#1071#%#%#1073#%#%#1074#%#%#1156#%#%#1203#%#%#1214#%#%#1220#%#%#1402#%#%#1411#%#%#1412#%#%#1464#%#%#1469#%#%#1471#%#%#1472#%#%#1609#%#%#1623#%#%#1687#%#%#1734#%#%#1800#%#%#1837#%#%#210#%#%#2120#%#%#2136#%#%#2141#%#%#2155#%#%#2156#%#%#2165#%#%#2177#%#%#2185#%#%#2195#%#%#2196#%#%#341#%#%#35#%#%#357#%#%#362#%#%#367#%#%#381#%#%#392#%#%#409#%#%#412#%#%#413#%#%#414#%#%#430#%#%#447#%#%#450#%#%#499#%#%#613#%#%#686#%#%#773#%#%#782#%#%#793#%#%#817#%#%#856#%#%#864#%#%#879#%#%#950#%#%#955#%#%#976"
"Warszawa, Ursynów, Ursynów, 2020-09";max_cost;"1469#%#%#1687#%#%#1699#%#%#1947#%#%#2156#%#%#224#%#%#459#%#%#782#%#%#911#%#%#954#%#%#955#%#%#976"
"Warszawa, Ursynów, Ursynów, 2020-09";seq_phragmen;"1005#%#%#1013#%#%#1051#%#%#1071#%#%#1073#%#%#1074#%#%#1156#%#%#1203#%#%#1214#%#%#1220#%#%#1402#%#%#1411#%#%#1412#%#%#1464#%#%#1469#%#%#1471#%#%#1472#%#%#1609#%#%#1623#%#%#1687#%#%#1734#%#%#1793#%#%#1800#%#%#210#%#%#2136#%#%#2141#%#%#2155#%#%#2156#%#%#2165#%#%#2177#%#%#2185#%#%#2195#%#%#2196#%#%#2223#%#%#341#%#%#35#%#%#357#%#%#362#%#%#367#%#%#381#%#%#392#%#%#409#%#%#412#%#%#414#%#%#430#%#%#447#%#%#450#%#%#499#%#%#613#%#%#686#%#%#773#%#%#782#%#%#793#%#%#856#%#%#864#%#%#879#%#%#950#%#%#955#%#%#976"
"Warszawa, Ursynów, Ursynów, 2020-09";mes_cost_uncompleted;"1051#%#%#1073#%#%#1214#%#%#1469#%#%#1471#%#%#1623#%#%#1687#%#%#1699#%#%#1734#%#%#1793#%#%#1947#%#%#210#%#%#2136#%#%#2141#%#%#2156#%#%#2177#%#%#2185#%#%#2223#%#%#341#%#%#35#%#%#357#%#%#362#%#%#367#%#%#392#%#%#409#%#%#414#%#%#447#%#%#773#%#%#782#%#%#864#%#%#879#%#%#950#%#%#955#%#%#976"
"Warszawa, Ursynów, Ursynów, 2020-09";mes_cost;"1013#%#%#1051#%#%#1073#%#%#1214#%#%#1402#%#%#1411#%#%#1412#%#%#1469#%#%#1471#%#%#1472#%#%#1623#%#%#1687#%#%#1699#%#%#1734#%#%#1793#%#%#1800#%#%#1947#%#%#210#%#%#2136#%#%#2141#%#%#2156#%#%#2177#%#%#2185#%#%#2223#%#%#341#%#%#35#%#%#357#%#%#362#%#%#367#%#%#392#%#%#409#%#%#414#%#%#447#%#%#773#%#%#782#%#%#793#%#%#864#%#%#879#%#%#911#%#%#950#%#%#955#%#%#976"
"Warszawa, Ursynów, Ursynów, 2020-09";mes_cost_greedy;"1005#%#%#1051#%#%#1073#%#%#1214#%#%#1402#%#%#1469#%#%#1471#%#%#1623#%#%#1687#%#%#1699#%#%#1734#%#%#1793#%#%#1947#%#%#210#%#%#2136#%#%#2141#%#%#2156#%#%#2177#%#%#2185#%#%#2223#%#%#224#%#%#341#%#%#35#%#%#357#%#%#362#%#%#367#%#%#392#%#%#409#%#%#414#%#%#447#%#%#773#%#%#782#%#%#864#%#%#879#%#%#950#%#%#955#%#%#976"
"Warszawa, Ursynów, Ursynów, 2020-09";mes_card_uncompleted;"1005#%#%#1013#%#%#1051#%#%#1071#%#%#1073#%#%#1156#%#%#1214#%#%#1220#%#%#1402#%#%#1411#%#%#1412#%#%#1464#%#%#1471#%#%#1472#%#%#1609#%#%#1623#%#%#1687#%#%#1734#%#%#1793#%#%#1800#%#%#210#%#%#2136#%#%#2141#%#%#2156#%#%#2165#%#%#2177#%#%#2185#%#%#2196#%#%#341#%#%#35#%#%#357#%#%#362#%#%#367#%#%#392#%#%#409#%#%#414#%#%#430#%#%#447#%#%#499#%#%#686#%#%#773#%#%#782#%#%#793#%#%#856#%#%#864#%#%#879#%#%#950#%#%#955#%#%#976"
"Warszawa, Ursynów, Ursynów, 2020-09";mes_card;"1005#%#%#1013#%#%#1022#%#%#1051#%#%#1071#%#%#1073#%#%#1074#%#%#1156#%#%#1203#%#%#1214#%#%#1220#%#%#1402#%#%#1411#%#%#1412#%#%#1464#%#%#1469#%#%#1471#%#%#1472#%#%#1609#%#%#1623#%#%#1687#%#%#1734#%#%#1793#%#%#1797#%#%#1800#%#%#1837#%#%#210#%#%#2120#%#%#2136#%#%#2141#%#%#2155#%#%#2156#%#%#2165#%#%#2177#%#%#2185#%#%#2187#%#%#2195#%#%#2196#%#%#341#%#%#35#%#%#357#%#%#362#%#%#367#%#%#381#%#%#392#%#%#409#%#%#412#%#%#414#%#%#430#%#%#447#%#%#450#%#%#499#%#%#613#%#%#686#%#%#773#%#%#782#%#%#793#%#%#856#%#%#864#%#%#879#%#%#950#%#%#955#%#%#976"
"Warszawa, Ursynów, Ursynów, 2020-09";mes_card_greedy;"1005#%#%#1013#%#%#1022#%#%#1051#%#%#1071#%#%#1073#%#%#1074#%#%#1156#%#%#1203#%#%#1214#%#%#1220#%#%#1402#%#%#1411#%#%#1412#%#%#1464#%#%#1469#%#%#1471#%#%#1472#%#%#1609#%#%#1623#%#%#1687#%#%#1734#%#%#1793#%#%#1797#%#%#1800#%#%#1837#%#%#210#%#%#2120#%#%#2136#%#%#2141#%#%#2155#%#%#2156#%#%#2165#%#%#2177#%#%#2185#%#%#2187#%#%#2195#%#%#2196#%#%#341#%#%#35#%#%#357#%#%#362#%#%#367#%#%#381#%#%#392#%#%#409#%#%#412#%#%#414#%#%#430#%#%#447#%#%#450#%#%#499#%#%#613#%#%#686#%#%#773#%#%#782#%#%#793#%#%#856#%#%#864#%#%#879#%#%#950#%#%#955#%#%#976"
"Warszawa, Ursynów, Ursynów, 2020-09";mes_sqrt_uncompleted;"1005#%#%#1013#%#%#1051#%#%#1071#%#%#1073#%#%#1214#%#%#1220#%#%#1402#%#%#1411#%#%#1412#%#%#1464#%#%#1469#%#%#1471#%#%#1472#%#%#1609#%#%#1623#%#%#1687#%#%#1734#%#%#1793#%#%#1800#%#%#210#%#%#2136#%#%#2141#%#%#2156#%#%#2165#%#%#2177#%#%#2185#%#%#2196#%#%#341#%#%#35#%#%#357#%#%#362#%#%#367#%#%#392#%#%#409#%#%#414#%#%#430#%#%#447#%#%#499#%#%#773#%#%#782#%#%#793#%#%#856#%#%#864#%#%#879#%#%#950#%#%#955#%#%#976"
"Warszawa, Ursynów, Ursynów, 2020-09";mes_sqrt;"1005#%#%#1013#%#%#1051#%#%#1071#%#%#1073#%#%#1156#%#%#1214#%#%#1220#%#%#1402#%#%#1411#%#%#1412#%#%#1464#%#%#1469#%#%#1471#%#%#1472#%#%#1609#%#%#1623#%#%#1687#%#%#1734#%#%#1793#%#%#1797#%#%#1800#%#%#1947#%#%#2060#%#%#210#%#%#2136#%#%#2141#%#%#2156#%#%#2165#%#%#2177#%#%#2185#%#%#2196#%#%#2223#%#%#341#%#%#35#%#%#357#%#%#362#%#%#367#%#%#392#%#%#409#%#%#414#%#%#430#%#%#447#%#%#499#%#%#686#%#%#773#%#%#782#%#%#793#%#%#856#%#%#864#%#%#879#%#%#950#%#%#955#%#%#976"
"Warszawa, Ursynów, Ursynów, 2020-09";mes_sqrt_greedy;"1005#%#%#1013#%#%#1051#%#%#1071#%#%#1073#%#%#1156#%#%#1214#%#%#1220#%#%#1402#%#%#1411#%#%#1412#%#%#1464#%#%#1469#%#%#1471#%#%#1472#%#%#1609#%#%#1623#%#%#1687#%#%#1734#%#%#1793#%#%#1800#%#%#1947#%#%#2060#%#%#210#%#%#2136#%#%#2141#%#%#2156#%#%#2165#%#%#2177#%#%#2185#%#%#2196#%#%#341#%#%#35#%#%#357#%#%#362#%#%#367#%#%#392#%#%#409#%#%#414#%#%#430#%#%#447#%#%#499#%#%#773#%#%#782#%#%#793#%#%#856#%#%#864#%#%#879#%#%#911#%#%#950#%#%#955#%#%#976"
"Kraków, PRĄDNIK BIAŁY, PRĄDNIK BIAŁY, 2019-09";greedy_borda;"1#%#%#11#%#%#15#%#%#18#%#%#20#%#%#21#%#%#22#%#%#24#%#%#25#%#%#26#%#%#27#%#%#36#%#%#46#%#%#48#%#%#5#%#%#53#%#%#54#%#%#58#%#%#59#%#%#60#%#%#62#%#%#9"
"Kraków, PRĄDNIK BIAŁY, PRĄDNIK BIAŁY, 2019-09";max_borda;"1#%#%#11#%#%#15#%#%#18#%#%#20#%#%#21#%#%#22#%#%#25#%#%#26#%#%#27#%#%#36#%#%#46#%#%#48#%#%#5#%#%#50#%#%#53#%#%#58#%#%#59#%#%#60#%#%#9"
"Kraków, PRĄDNIK BIAŁY, PRĄDNIK BIAŁY, 2019-09";mes_borda_uncompleted;"11#%#%#15#%#%#22#%#%#25#%#%#26#%#%#36#%#%#46#%#%#48#%#%#53#%#%#54#%#%#60#%#%#9"
"Kraków, PRĄDNIK BIAŁY, PRĄDNIK BIAŁY, 2019-09";mes_borda;"1#%#%#11#%#%#15#%#%#18#%#%#20#%#%#21#%#%#22#%#%#24#%#%#25#%#%#26#%#%#27#%#%#36#%#%#46#%#%#48#%#%#5#%#%#53#%#%#54#%#%#58#%#%#59#%#%#60#%#%#62#%#%#9"
"Kraków, PRĄDNIK BIAŁY, PRĄDNIK BIAŁY, 2019-09";mes_borda_greedy;"1#%#%#11#%#%#15#%#%#18#%#%#20#%#%#21#%#%#22#%#%#24#%#%#25#%#%#26#%#%#27#%#%#36#%#%#46#%#%#48#%#%#5#%#%#53#%#%#54#%#%#58#%#%#59#%#%#60#%#%#62#%#%#9"
"Kraków, GRZEGÓRZKI, GRZEGÓRZKI, 2019-09";greedy_borda;"1#%#%#12#%#%#13#%#%#15#%#%#16#%#%#17#%#%#25#%#%#33#%#%#34#%#%#35#%#%#36#%#%#41#%#%#43#%#%#48#%#%#49#%#%#50#%#%#51#%#%#54#%#%#56#%#%#57#%#%#6#%#%#61#%#%#7#%#%#8#%#%#9"
"Kraków, GRZEGÓRZKI, GRZEGÓRZKI, 2019-09";max_borda;"1#%#%#12#%#%#13#%#%#15#%#%#16#%#%#17#%#%#25#%#%#33#%#%#34#%#%#35#%#%#36#%#%#41#%#%#43#%#%#48#%#%#49#%#%#50#%#%#51#%#%#54#%#%#56#%#%#57#%#%#6#%#%#61#%#%#7#%#%#8#%#%#9"
"Kraków, GRZEGÓRZKI, GRZEGÓRZKI, 2019-09";mes_borda_uncompleted;"13#%#%#15#%#%#16#%#%#33#%#%#34#%#%#36#%#%#41#%#%#43#%#%#51#%#%#56#%#%#57#%#%#7#%#%#9"
"Kraków, GRZEGÓRZKI, GRZEGÓRZKI, 2019-09";mes_borda;"1#%#%#12#%#%#13#%#%#15#%#%#16#%#%#17#%#%#25#%#%#33#%#%#34#%#%#35#%#%#36#%#%#41#%#%#43#%#%#48#%#%#49#%#%#50#%#%#51#%#%#54#%#%#56#%#%#57#%#%#6#%#%#61#%#%#7#%#%#8#%#%#9"
"Kraków, GRZEGÓRZKI, GRZEGÓRZKI, 2019-09";mes_borda_greedy;"1#%#%#12#%#%#13#%#%#15#%#%#16#%#%#17#%#%#25#%#%#33#%#%#34#%#%#35#%#%#36#%#%#41#%#%#43#%#%#48#%#%#49#%#%#50#%#%#51#%#%#54#%#%#56#%#%#57#%#%#6#%#%#61#%#%#7#%#%#8#%#%#9"
"Kraków, NOWA HUTA, NOWA HUTA, 2019-09";greedy_borda;"11#%#%#12#%#%#15#%#%#2#%#%#21#%#%#23#%#%#24#%#%#25#%#%#26#%#%#3#%#%#30#%#%#32#%#%#33#%#%#45#%#%#47#%#%#5#%#%#52#%#%#54#%#%#59#%#%#61#%#%#68#%#%#75#%#%#97#%#%#98"
"Kraków, NOWA HUTA, NOWA HUTA, 2019-09";max_borda;"11#%#%#12#%#%#15#%#%#2#%#%#21#%#%#23#%#%#24#%#%#25#%#%#26#%#%#3#%#%#30#%#%#32#%#%#33#%#%#45#%#%#47#%#%#5#%#%#52#%#%#54#%#%#59#%#%#61#%#%#68#%#%#75#%#%#97#%#%#98"
"Kraków, NOWA HUTA, NOWA HUTA, 2019-09";mes_borda_uncompleted;"15#%#%#21#%#%#23#%#%#24#%#%#25#%#%#3#%#%#30#%#%#32#%#%#33#%#%#5#%#%#52#%#%#59#%#%#75#%#%#98"
"Kraków, NOWA HUTA, NOWA HUTA, 2019-09";mes_borda;"11#%#%#12#%#%#15#%#%#2#%#%#21#%#%#23#%#%#24#%#%#25#%#%#26#%#%#3#%#%#30#%#%#32#%#%#33#%#%#45#%#%#47#%#%#5#%#%#52#%#%#54#%#%#59#%#%#61#%#%#68#%#%#75#%#%#97#%#%#98"
"Kraków, NOWA HUTA, NOWA HUTA, 2019-09";mes_borda_greedy;"11#%#%#12#%#%#15#%#%#2#%#%#21#%#%#23#%#%#24#%#%#25#%#%#26#%#%#3#%#%#30#%#%#32#%#%#33#%#%#45#%#%#47#%#%#5#%#%#52#%#%#54#%#%#59#%#%#61#%#%#68#%#%#75#%#%#97#%#%#98"
"Kraków, 2019-09";greedy_borda;"112#%#%#114#%#%#118#%#%#122#%#%#123#%#%#125#%#%#127#%#%#130#%#%#134#%#%#136#%#%#137#%#%#142#%#%#143#%#%#146#%#%#150#%#%#152#%#%#153#%#%#165#%#%#187#%#%#200#%#%#205#%#%#218#%#%#22#%#%#24#%#%#27#%#%#28#%#%#29#%#%#35#%#%#36#%#%#37#%#%#38#%#%#39#%#%#40#%#%#45#%#%#46#%#%#47#%#%#5#%#%#58#%#%#6#%#%#7#%#%#71#%#%#78#%#%#84#%#%#90#%#%#92#%#%#98#%#%#99"
"Kraków, 2019-09";max_borda;"111#%#%#112#%#%#118#%#%#122#%#%#125#%#%#127#%#%#130#%#%#134#%#%#136#%#%#137#%#%#142#%#%#143#%#%#146#%#%#152#%#%#153#%#%#187#%#%#200#%#%#205#%#%#218#%#%#22#%#%#24#%#%#27#%#%#28#%#%#29#%#%#35#%#%#36#%#%#37#%#%#38#%#%#39#%#%#40#%#%#45#%#%#46#%#%#47#%#%#5#%#%#58#%#%#6#%#%#7#%#%#71#%#%#84#%#%#90#%#%#92#%#%#98#%#%#99"
"Kraków, 2019-09";mes_borda_uncompleted;"125#%#%#127#%#%#130#%#%#136#%#%#153#%#%#187#%#%#218#%#%#22#%#%#24#%#%#35#%#%#36#%#%#39#%#%#40#%#%#84#%#%#90#%#%#92#%#%#99"
"Kraków, 2019-09";mes_borda;"112#%#%#114#%#%#118#%#%#122#%#%#123#%#%#125#%#%#127#%#%#130#%#%#134#%#%#136#%#%#137#%#%#142#%#%#143#%#%#146#%#%#150#%#%#152#%#%#153#%#%#165#%#%#187#%#%#200#%#%#205#%#%#218#%#%#22#%#%#24#%#%#27#%#%#28#%#%#29#%#%#35#%#%#36#%#%#37#%#%#38#%#%#39#%#%#40#%#%#45#%#%#46#%#%#47#%#%#5#%#%#58#%#%#6#%#%#7#%#%#71#%#%#78#%#%#84#%#%#90#%#%#92#%#%#98#%#%#99"
"Kraków, 2019-09";mes_borda_greedy;"112#%#%#114#%#%#118#%#%#122#%#%#123#%#%#125#%#%#127#%#%#130#%#%#134#%#%#136#%#%#137#%#%#142#%#%#143#%#%#146#%#%#150#%#%#152#%#%#153#%#%#165#%#%#187#%#%#200#%#%#205#%#%#218#%#%#22#%#%#24#%#%#27#%#%#28#%#%#29#%#%#35#%#%#36#%#%#37#%#%#38#%#%#39#%#%#40#%#%#45#%#%#46#%#%#47#%#%#5#%#%#58#%#%#6#%#%#7#%#%#71#%#%#78#%#%#84#%#%#90#%#%#92#%#%#98#%#%#99"
"Toulouse, 2019-09";greedy_cardbal;"1#%#%#10#%#%#11#%#%#12#%#%#13#%#%#14#%#%#16#%#%#17#%#%#18#%#%#20#%#%#23#%#%#24#%#%#25#%#%#26#%#%#27#%#%#28#%#%#29#%#%#3#%#%#30#%#%#5#%#%#6#%#%#7"
"Toulouse, 2019-09";greedy_cardbal_cc;"1#%#%#10#%#%#11#%#%#12#%#%#13#%#%#14#%#%#16#%#%#17#%#%#18#%#%#20#%#%#21#%#%#24#%#%#25#%#%#26#%#%#27#%#%#28#%#%#29#%#%#30#%#%#5#%#%#6#%#%#7"
"Toulouse, 2019-09";max_add_card;"1#%#%#10#%#%#12#%#%#13#%#%#14#%#%#16#%#%#18#%#%#20#%#%#23#%#%#24#%#%#25#%#%#26#%#%#27#%#%#28#%#%#30#%#%#4#%#%#5#%#%#6#%#%#7"
"Toulouse, 2019-09";mes_cardbal_uncompleted;"1#%#%#10#%#%#12#%#%#13#%#%#14#%#%#16#%#%#18#%#%#20#%#%#24#%#%#26#%#%#27#%#%#3#%#%#30#%#%#6#%#%#7"
"Toulouse, 2019-09";mes_cardbal;"1#%#%#10#%#%#11#%#%#12#%#%#13#%#%#14#%#%#16#%#%#17#%#%#18#%#%#20#%#%#23#%#%#24#%#%#25#%#%#26#%#%#27#%#%#28#%#%#29#%#%#3#%#%#30#%#%#5#%#%#6#%#%#7"
"Toulouse, 2019-09";mes_cardbal_greedy;"1#%#%#10#%#%#11#%#%#12#%#%#13#%#%#14#%#%#16#%#%#17#%#%#18#%#%#20#%#%#23#%#%#24#%#%#25#%#%#26#%#%#27#%#%#28#%#%#29#%#%#3#%#%#30#%#%#5#%#%#6#%#%#7"
"Gdańsk, ORUNIA GÓRNA-GDAŃSK POŁUDNIE, ORUNIA GÓRNA-GDAŃSK POŁUDNIE, 2019-09";greedy_cardbal;"11#%#%#12#%#%#14#%#%#17#%#%#18#%#%#2#%#%#21#%#%#5#%#%#6#%#%#8"
"Gdańsk, ORUNIA GÓRNA-GDAŃSK POŁUDNIE, ORUNIA GÓRNA-GDAŃSK POŁUDNIE, 2019-09";greedy_cardbal_cc;"11#%#%#12#%#%#14#%#%#17#%#%#18#%#%#2#%#%#21#%#%#5#%#%#6#%#%#8"
"Gdańsk, ORUNIA GÓRNA-GDAŃSK POŁUDNIE, ORUNIA GÓRNA-GDAŃSK POŁUDNIE, 2019-09";max_add_card;"11#%#%#12#%#%#14#%#%#17#%#%#18#%#%#2#%#%#21#%#%#5#%#%#6#%#%#8"
"Gdańsk, ORUNIA GÓRNA-GDAŃSK POŁUDNIE, ORUNIA GÓRNA-GDAŃSK POŁUDNIE, 2019-09";mes_cardbal_uncompleted;"12#%#%#14#%#%#2#%#%#5#%#%#6"
"Gdańsk, ORUNIA GÓRNA-GDAŃSK POŁUDNIE, ORUNIA GÓRNA-GDAŃSK POŁUDNIE, 2019-09";mes_cardbal;"11#%#%#12#%#%#14#%#%#17#%#%#18#%#%#2#%#%#21#%#%#5#%#%#6#%#%#8"
"Gdańsk, ORUNIA GÓRNA-GDAŃSK POŁUDNIE, ORUNIA GÓRNA-GDAŃSK POŁUDNIE, 2019-09";mes_cardbal_greedy;"11#%#%#12#%#%#14#%#%#17#%#%#18#%#%#2#%#%#21#%#%#5#%#%#6#%#%#8"
"Gdańsk, OLIWA, OLIWA, 2019-09";greedy_cardbal;"10#%#%#2#%#%#3#%#%#4#%#%#6#%#%#7#%#%#8#%#%#9"
"Gdańsk, OLIWA, OLIWA, 2019-09";greedy_cardbal_cc;"10#%#%#2#%#%#3#%#%#4#%#%#6#%#%#7#%#%#8#%#%#9"
"Gdańsk, OLIWA, OLIWA, 2019-09";max_add_card;"3#%#%#4#%#%#5#%#%#6#%#%#8#%#%#9"
"Gdańsk, OLIWA, OLIWA, 2019-09";mes_cardbal_uncompleted;"2#%#%#3#%#%#4#%#%#6#%#%#8#%#%#9"
"Gdańsk, OLIWA, OLIWA, 2019-09";mes_cardbal;"10#%#%#2#%#%#3#%#%#4#%#%#6#%#%#7#%#%#8#%#%#9"
"Gdańsk, OLIWA, OLIWA, 2019-09";mes_cardbal_greedy;"10#%#%#2#%#%#3#%#%#4#%#%#6#%#%#7#%#%#8#%#%#9"
"Gdańsk, OSOWA, OSOWA, 2019-09";greedy_cardbal;"10#%#%#2#%#%#4#%#%#6#%#%#7"
"Gdańsk, OSOWA, OSOWA, 2019-09";greedy_cardbal_cc;"1#%#%#10#%#%#2#%#%#4#%#%#6"
"Gdańsk, OSOWA, OSOWA, 2019-09";max_add_card;"10#%#%#2#%#%#6#%#%#8"
"Gdańsk, OSOWA, OSOWA, 2019-09";mes_cardbal_uncompleted;"10#%#%#2#%#%#6"
"Gdańsk, OSOWA, OSOWA, 2019-09";mes_cardbal;"10#%#%#2#%#%#4#%#%#6#%#%#7"
"Gdańsk, OSOWA, OSOWA, 2019-09";mes_cardbal_greedy;"10#%#%#2#%#%#4#%#%#6#%#%#7"
"Gdańsk, PRZYMORZE WIELKIE, PRZYMORZE WIELKIE, 2019-09";greedy_cardbal;"1#%#%#11#%#%#12#%#%#13#%#%#15#%#%#16#%#%#19#%#%#2#%#%#4#%#%#5#%#%#7#%#%#8#%#%#9"
"Gdańsk, PRZYMORZE WIELKIE, PRZYMORZE WIELKIE, 2019-09";greedy_cardbal_cc;"1#%#%#11#%#%#12#%#%#13#%#%#14#%#%#15#%#%#16#%#%#2#%#%#4#%#%#5#%#%#7#%#%#8"
"Gdańsk, PRZYMORZE WIELKIE, PRZYMORZE WIELKIE, 2019-09";max_add_card;"1#%#%#11#%#%#12#%#%#13#%#%#14#%#%#15#%#%#16#%#%#2#%#%#5#%#%#7#%#%#8#%#%#9"
"Gdańsk, PRZYMORZE WIELKIE, PRZYMORZE WIELKIE, 2019-09";mes_cardbal_uncompleted;"13#%#%#2#%#%#4#%#%#5#%#%#7"
"Gdańsk, PRZYMORZE WIELKIE, PRZYMORZE WIELKIE, 2019-09";mes_cardbal;"1#%#%#11#%#%#12#%#%#13#%#%#15#%#%#16#%#%#19#%#%#2#%#%#4#%#%#5#%#%#7#%#%#8#%#%#9"
"Gdańsk, PRZYMORZE WIELKIE, PRZYMORZE WIELKIE, 2019-09";mes_cardbal_greedy;"1#%#%#11#%#%#12#%#%#13#%#%#15#%#%#16#%#%#19#%#%#2#%#%#4#%#%#5#%#%#7#%#%#8#%#%#9"
"Gdańsk, CHEŁM, CHEŁM, 2019-09";greedy_cardbal;"1#%#%#10#%#%#11#%#%#12#%#%#13#%#%#15#%#%#16#%#%#2#%#%#3#%#%#4#%#%#6#%#%#7#%#%#8#%#%#9"
"Gdańsk, CHEŁM, CHEŁM, 2019-09";greedy_cardbal_cc;"1#%#%#10#%#%#11#%#%#12#%#%#13#%#%#15#%#%#2#%#%#3#%#%#4#%#%#5#%#%#6#%#%#7#%#%#9"
"Gdańsk, CHEŁM, CHEŁM, 2019-09";max_add_card;"1#%#%#10#%#%#11#%#%#12#%#%#13#%#%#15#%#%#16#%#%#2#%#%#3#%#%#4#%#%#6#%#%#7#%#%#8#%#%#9"
"Gdańsk, CHEŁM, CHEŁM, 2019-09";mes_cardbal_uncompleted;"10#%#%#11#%#%#15#%#%#2#%#%#3#%#%#4#%#%#7#%#%#9"
"Gdańsk, CHEŁM, CHEŁM, 2019-09";mes_cardbal;"1#%#%#10#%#%#11#%#%#12#%#%#13#%#%#15#%#%#16#%#%#2#%#%#3#%#%#4#%#%#6#%#%#7#%#%#8#%#%#9"
"Gdańsk, CHEŁM, CHEŁM, 2019-09";mes_cardbal_greedy;"1#%#%#10#%#%#11#%#%#12#%#%#13#%#%#15#%#%#16#%#%#2#%#%#3#%#%#4#%#%#6#%#%#7#%#%#8#%#%#9"
"Gdańsk, STOGI, STOGI, 2019-09";greedy_cardbal;"3#%#%#6#%#%#7#%#%#8#%#%#9"
"Gdańsk, STOGI, STOGI, 2019-09";greedy_cardbal_cc;"3#%#%#6#%#%#7#%#%#8#%#%#9"
"Gdańsk, STOGI, STOGI, 2019-09";max_add_card;"3#%#%#4#%#%#9"
"Gdańsk, STOGI, STOGI, 2019-09";mes_cardbal_uncompleted;"3#%#%#9"
"Gdańsk, STOGI, STOGI, 2019-09";mes_cardbal;"3#%#%#6#%#%#7#%#%#8#%#%#9"
"Gdańsk, STOGI, STOGI, 2019-09";mes_cardbal_greedy;"3#%#%#6#%#%#7#%#%#8#%#%#9"
"Gdańsk, UJEŚCISKO-ŁOSTOWICE, UJEŚCISKO-ŁOSTOWICE, 2019-09";greedy_cardbal;"1#%#%#11#%#%#12#%#%#13#%#%#16#%#%#4#%#%#5#%#%#6#%#%#7#%#%#9"
"Gdańsk, UJEŚCISKO-ŁOSTOWICE, UJEŚCISKO-ŁOSTOWICE, 2019-09";greedy_cardbal_cc;"1#%#%#11#%#%#12#%#%#13#%#%#16#%#%#2#%#%#5#%#%#6#%#%#7#%#%#9"
"Gdańsk, UJEŚCISKO-ŁOSTOWICE, UJEŚCISKO-ŁOSTOWICE, 2019-09";max_add_card;"1#%#%#12#%#%#13#%#%#16#%#%#2#%#%#4#%#%#5#%#%#6#%#%#7#%#%#9"
"Gdańsk, UJEŚCISKO-ŁOSTOWICE, UJEŚCISKO-ŁOSTOWICE, 2019-09";mes_cardbal_uncompleted;"1#%#%#11#%#%#12#%#%#16#%#%#6#%#%#7"
"Gdańsk, UJEŚCISKO-ŁOSTOWICE, UJEŚCISKO-ŁOSTOWICE, 2019-09";mes_cardbal;"1#%#%#11#%#%#12#%#%#13#%#%#16#%#%#4#%#%#5#%#%#6#%#%#7#%#%#9"
"Gdańsk, UJEŚCISKO-ŁOSTOWICE, UJEŚCISKO-ŁOSTOWICE, 2019-09";mes_cardbal_greedy;"1#%#%#11#%#%#12#%#%#13#%#%#16#%#%#4#%#%#5#%#%#6#%#%#7#%#%#9"
"Warszawa, Ursynów, Ursynów, 2019-09";greedy_card;"1103#%#%#1168#%#%#1184#%#%#1191#%#%#1194#%#%#1243#%#%#127#%#%#1363#%#%#1364#%#%#1389#%#%#14#%#%#1435#%#%#1457#%#%#1501#%#%#1535#%#%#1567#%#%#1643#%#%#1648#%#%#1676#%#%#1725#%#%#1736#%#%#1739#%#%#1752#%#%#1819#%#%#1844#%#%#1853#%#%#1863#%#%#1881#%#%#1887#%#%#1889#%#%#1916#%#%#1921#%#%#1941#%#%#1943#%#%#1969#%#%#1991#%#%#1999#%#%#2068#%#%#2075#%#%#2087#%#%#2088#%#%#2091#%#%#2097#%#%#237#%#%#243#%#%#244#%#%#266#%#%#269#%#%#276#%#%#286#%#%#321#%#%#350#%#%#514#%#%#572#%#%#573#%#%#579#%#%#621#%#%#623#%#%#624#%#%#632#%#%#633#%#%#745#%#%#746#%#%#754#%#%#843#%#%#873#%#%#875#%#%#876#%#%#877#%#%#880#%#%#890"
"Warszawa, Ursynów, Ursynów, 2019-09";greedy_cost;"1184#%#%#1191#%#%#128#%#%#1363#%#%#1497#%#%#1648#%#%#1736#%#%#1752#%#%#1844#%#%#1881#%#%#1916#%#%#1921#%#%#1943#%#%#243#%#%#244#%#%#269#%#%#276#%#%#286#%#%#651#%#%#745#%#%#843#%#%#915"
"Warszawa, Ursynów, Ursynów, 2019-09";greedy_cc;"114#%#%#1168#%#%#1184#%#%#1191#%#%#1211#%#%#1243#%#%#127#%#%#1363#%#%#1364#%#%#1389#%#%#14#%#%#1457#%#%#1535#%#%#1592#%#%#1643#%#%#1648#%#%#1725#%#%#1739#%#%#1752#%#%#1819#%#%#1844#%#%#1853#%#%#1863#%#%#1889#%#%#1916#%#%#1921#%#%#1941#%#%#1943#%#%#197#%#%#1991#%#%#2068#%#%#2075#%#%#2087#%#%#2091#%#%#243#%#%#266#%#%#286#%#%#321#%#%#350#%#%#414#%#%#514#%#%#573#%#%#621#%#%#624#%#%#708#%#%#745#%#%#754#%#%#805#%#%#808#%#%#843#%#%#875#%#%#876#%#%#877#%#%#880"
"Warszawa, Ursynów, Ursynów, 2019-09";max_card;"1103#%#%#1168#%#%#1184#%#%#1191#%#%#1194#%#%#1243#%#%#127#%#%#1363#%#%#1364#%#%#1389#%#%#14#%#%#1435#%#%#1457#%#%#1501#%#%#1535#%#%#1538#%#%#1567#%#%#1643#%#%#1648#%#%#1676#%#%#1725#%#%#1736#%#%#1739#%#%#1752#%#%#1819#%#%#1844#%#%#1853#%#%#1863#%#%#1881#%#%#1887#%#%#1889#%#%#1916#%#%#1921#%#%#1941#%#%#1943#%#%#1969#%#%#1991#%#%#1999#%#%#2068#%#%#2075#%#%#2087#%#%#2088#%#%#2091#%#%#2097#%#%#237#%#%#243#%#%#244#%#%#266#%#%#269#%#%#276#%#%#286#%#%#321#%#%#350#%#%#514#%#%#572#%#%#573#%#%#579#%#%#621#%#%#623#%#%#624#%#%#632#%#%#633#%#%#745#%#%#746#%#%#754#%#%#843#%#%#875#%#%#876#%#%#877#%#%#880"
"Warszawa, Ursynów, Ursynów, 2019-09";max_cost;"1184#%#%#1191#%#%#128#%#%#1363#%#%#1497#%#%#1648#%#%#1736#%#%#1752#%#%#1844#%#%#1881#%#%#1916#%#%#1921#%#%#1943#%#%#243#%#%#244#%#%#269#%#%#276#%#%#286#%#%#651#%#%#745#%#%#843#%#%#915"
"Warszawa, Ursynów, Ursynów, 2019-09";seq_phragmen;"1103#%#%#1168#%#%#1184#%#%#1191#%#%#1243#%#%#127#%#%#1363#%#%#1364#%#%#1389#%#%#14#%#%#1435#%#%#1457#%#%#1501#%#%#1535#%#%#1538#%#%#1567#%#%#1643#%#%#1648#%#%#1676#%#%#1725#%#%#1736#%#%#1739#%#%#1752#%#%#1819#%#%#1844#%#%#1853#%#%#1863#%#%#1881#%#%#1887#%#%#1889#%#%#1916#%#%#1921#%#%#1941#%#%#1943#%#%#1969#%#%#1991#%#%#1999#%#%#2068#%#%#2075#%#%#2087#%#%#2091#%#%#2097#%#%#237#%#%#243#%#%#244#%#%#266#%#%#269#%#%#276#%#%#286#%#%#321#%#%#350#%#%#514#%#%#572#%#%#573#%#%#579#%#%#621#%#%#623#%#%#624#%#%#632#%#%#633#%#%#708#%#%#745#%#%#754#%#%#843#%#%#873#%#%#875#%#%#876#%#%#877#%#%#880#%#%#890"
"Warszawa, Ursynów, Ursynów, 2019-09";mes_cost_uncompleted;"1103#%#%#1168#%#%#1184#%#%#1191#%#%#1243#%#%#127#%#%#128#%#%#1363#%#%#1364#%#%#1389#%#%#14#%#%#1535#%#%#1567#%#%#1643#%#%#1648#%#%#1736#%#%#1739#%#%#1752#%#%#1819#%#%#1844#%#%#1863#%#%#1881#%#%#1916#%#%#1921#%#%#1941#%#%#1943#%#%#1969#%#%#1991#%#%#2068#%#%#2075#%#%#2087#%#%#2091#%#%#2097#%#%#237#%#%#243#%#%#244#%#%#269#%#%#276#%#%#286#%#%#321#%#%#350#%#%#514#%#%#572#%#%#573#%#%#579#%#%#624#%#%#745#%#%#754#%#%#843#%#%#876"
"Warszawa, Ursynów, Ursynów, 2019-09";mes_cost;"1103#%#%#1168#%#%#1184#%#%#1191#%#%#1243#%#%#127#%#%#128#%#%#1363#%#%#1364#%#%#1389#%#%#14#%#%#1457#%#%#1501#%#%#1535#%#%#1567#%#%#1643#%#%#1648#%#%#1736#%#%#1739#%#%#1752#%#%#1819#%#%#1844#%#%#1863#%#%#1881#%#%#1916#%#%#1921#%#%#1941#%#%#1943#%#%#1991#%#%#2068#%#%#2075#%#%#2087#%#%#2091#%#%#2097#%#%#237#%#%#243#%#%#244#%#%#269#%#%#276#%#%#286#%#%#321#%#%#350#%#%#514#%#%#573#%#%#579#%#%#624#%#%#651#%#%#745#%#%#754#%#%#843#%#%#876"
"Warszawa, Ursynów, Ursynów, 2019-09";mes_cost_greedy;"1103#%#%#1168#%#%#1184#%#%#1191#%#%#1243#%#%#127#%#%#128#%#%#1363#%#%#1364#%#%#1389#%#%#14#%#%#1535#%#%#1567#%#%#1643#%#%#1648#%#%#1736#%#%#1739#%#%#1752#%#%#1819#%#%#1844#%#%#1863#%#%#1881#%#%#1887#%#%#1889#%#%#1916#%#%#1921#%#%#1941#%#%#1943#%#%#1969#%#%#1991#%#%#2068#%#%#2075#%#%#2087#%#%#2091#%#%#2097#%#%#237#%#%#243#%#%#244#%#%#269#%#%#276#%#%#286#%#%#321#%#%#350#%#%#514#%#%#572#%#%#573#%#%#579#%#%#624#%#%#651#%#%#745#%#%#754#%#%#843#%#%#876"
"Warszawa, Ursynów, Ursynów, 2019-09";mes_card_uncompleted;"1168#%#%#1184#%#%#1191#%#%#1243#%#%#127#%#%#1363#%#%#1364#%#%#1389#%#%#14#%#%#1435#%#%#1457#%#%#1535#%#%#1567#%#%#1643#%#%#1648#%#%#1725#%#%#1739#%#%#1752#%#%#1819#%#%#1844#%#%#1853#%#%#1863#%#%#1881#%#%#1887#%#%#1889#%#%#1916#%#%#1921#%#%#1941#%#%#1943#%#%#1969#%#%#1991#%#%#2068#%#%#2075#%#%#2087#%#%#2091#%#%#2097#%#%#237#%#%#243#%#%#244#%#%#269#%#%#276#%#%#286#%#%#321#%#%#350#%#%#514#%#%#572#%#%#573#%#%#579#%#%#623#%#%#624#%#%#633#%#%#745#%#%#754#%#%#843#%#%#875#%#%#876#%#%#877#%#%#880"
"Warszawa, Ursynów, Ursynów, 2019-09";mes_card;"1103#%#%#1168#%#%#1184#%#%#1191#%#%#1243#%#%#127#%#%#1363#%#%#1364#%#%#1389#%#%#14#%#%#1435#%#%#1457#%#%#1501#%#%#1535#%#%#1538#%#%#1567#%#%#1643#%#%#1648#%#%#1676#%#%#1725#%#%#1736#%#%#1739#%#%#1752#%#%#1819#%#%#1844#%#%#1853#%#%#1863#%#%#1881#%#%#1887#%#%#1889#%#%#1916#%#%#1921#%#%#1941#%#%#1943#%#%#1969#%#%#1991#%#%#1999#%#%#2068#%#%#2075#%#%#2087#%#%#2088#%#%#2091#%#%#2097#%#%#237#%#%#243#%#%#244#%#%#266#%#%#269#%#%#276#%#%#286#%#%#321#%#%#350#%#%#514#%#%#572#%#%#573#%#%#579#%#%#621#%#%#623#%#%#624#%#%#633#%#%#745#%#%#746#%#%#754#%#%#843#%#%#873#%#%#875#%#%#876#%#%#877#%#%#880#%#%#890"
"Warszawa, Ursynów, Ursynów, 2019-09";mes_card_greedy;"1103#%#%#1168#%#%#1184#%#%#1191#%#%#1194#%#%#1243#%#%#127#%#%#1363#%#%#1364#%#%#1389#%#%#14#%#%#1435#%#%#1457#%#%#1501#%#%#1535#%#%#1567#%#%#1643#%#%#1648#%#%#1676#%#%#1725#%#%#1736#%#%#1739#%#%#1752#%#%#1819#%#%#1844#%#%#1853#%#%#1863#%#%#1881#%#%#1887#%#%#1889#%#%#1916#%#%#1921#%#%#1941#%#%#1943#%#%#1969#%#%#1991#%#%#1999#%#%#2068#%#%#2075#%#%#2087#%#%#2088#%#%#2091#%#%#2097#%#%#237#%#%#243#%#%#244#%#%#266#%#%#269#%#%#276#%#%#286#%#%#321#%#%#350#%#%#514#%#%#572#%#%#573#%#%#579#%#%#621#%#%#623#%#%#624#%#%#632#%#%#633#%#%#745#%#%#746#%#%#754#%#%#843#%#%#873#%#%#875#%#%#876#%#%#877#%#%#880#%#%#890"
"Warszawa, Ursynów, Ursynów, 2019-09";mes_sqrt_uncompleted;"1103#%#%#1168#%#%#1184#%#%#1191#%#%#1243#%#%#127#%#%#1363#%#%#1364#%#%#1389#%#%#14#%#%#1435#%#%#1457#%#%#1501#%#%#1535#%#%#1567#%#%#1643#%#%#1648#%#%#1739#%#%#1752#%#%#1819#%#%#1844#%#%#1853#%#%#1863#%#%#1881#%#%#1887#%#%#1889#%#%#1916#%#%#1921#%#%#1941#%#%#1943#%#%#1969#%#%#1991#%#%#2068#%#%#2075#%#%#2087#%#%#2091#%#%#2097#%#%#237#%#%#243#%#%#244#%#%#269#%#%#276#%#%#286#%#%#321#%#%#350#%#%#514#%#%#572#%#%#573#%#%#579#%#%#624#%#%#745#%#%#754#%#%#843#%#%#876#%#%#880"
"Warszawa, Ursynów, Ursynów, 2019-09";mes_sqrt;"1103#%#%#1168#%#%#1184#%#%#1191#%#%#1243#%#%#127#%#%#128#%#%#1363#%#%#1364#%#%#1389#%#%#14#%#%#1435#%#%#1457#%#%#1501#%#%#1535#%#%#1567#%#%#1643#%#%#1648#%#%#1725#%#%#1736#%#%#1739#%#%#1752#%#%#1819#%#%#1844#%#%#1853#%#%#1863#%#%#1881#%#%#1887#%#%#1889#%#%#1916#%#%#1921#%#%#1941#%#%#1943#%#%#1969#%#%#1991#%#%#2068#%#%#2075#%#%#2087#%#%#2091#%#%#2097#%#%#237#%#%#243#%#%#244#%#%#266#%#%#269#%#%#276#%#%#286#%#%#321#%#%#350#%#%#514#%#%#572#%#%#573#%#%#579#%#%#623#%#%#624#%#%#632#%#%#633#%#%#745#%#%#746#%#%#754#%#%#843#%#%#875#%#%#876#%#%#877#%#%#880"
"Warszawa, Ursynów, Ursynów, 2019-09";mes_sqrt_greedy;"1103#%#%#1168#%#%#1184#%#%#1191#%#%#1214#%#%#1243#%#%#127#%#%#128#%#%#1363#%#%#1364#%#%#1389#%#%#14#%#%#1435#%#%#1457#%#%#1501#%#%#1535#%#%#1538#%#%#1567#%#%#1643#%#%#1648#%#%#1736#%#%#1739#%#%#1752#%#%#1819#%#%#1844#%#%#1853#%#%#1863#%#%#1881#%#%#1887#%#%#1889#%#%#1916#%#%#1921#%#%#1941#%#%#1943#%#%#1969#%#%#1991#%#%#2068#%#%#2075#%#%#2087#%#%#2091#%#%#2097#%#%#237#%#%#243#%#%#244#%#%#269#%#%#276#%#%#286#%#%#321#%#%#350#%#%#514#%#%#572#%#%#573#%#%#579#%#%#624#%#%#745#%#%#746#%#%#754#%#%#843#%#%#876#%#%#877#%#%#880"
"Kraków, PRĄDNIK BIAŁY, PRĄDNIK BIAŁY, 2018-06";greedy_borda;"1#%#%#10#%#%#11#%#%#12#%#%#13#%#%#15#%#%#16#%#%#17#%#%#2#%#%#21#%#%#23#%#%#24#%#%#25#%#%#29#%#%#5#%#%#6#%#%#9"
"Kraków, PRĄDNIK BIAŁY, PRĄDNIK BIAŁY, 2018-06";max_borda;"1#%#%#10#%#%#11#%#%#12#%#%#13#%#%#15#%#%#16#%#%#17#%#%#2#%#%#21#%#%#23#%#%#25#%#%#29#%#%#5#%#%#6#%#%#7#%#%#9"
"Kraków, PRĄDNIK BIAŁY, PRĄDNIK BIAŁY, 2018-06";mes_borda_uncompleted;"10#%#%#11#%#%#12#%#%#16#%#%#17#%#%#2#%#%#21#%#%#25#%#%#29#%#%#6"
"Kraków, PRĄDNIK BIAŁY, PRĄDNIK BIAŁY, 2018-06";mes_borda;"1#%#%#10#%#%#11#%#%#12#%#%#13#%#%#15#%#%#16#%#%#17#%#%#2#%#%#21#%#%#23#%#%#24#%#%#25#%#%#29#%#%#5#%#%#6#%#%#9"
"Kraków, PRĄDNIK BIAŁY, PRĄDNIK BIAŁY, 2018-06";mes_borda_greedy;"1#%#%#10#%#%#11#%#%#12#%#%#13#%#%#15#%#%#16#%#%#17#%#%#2#%#%#21#%#%#23#%#%#24#%#%#25#%#%#29#%#%#5#%#%#6#%#%#9"
"Kraków, 2018-06";greedy_borda;"10#%#%#101#%#%#106#%#%#112#%#%#114#%#%#116#%#%#117#%#%#119#%#%#12#%#%#120#%#%#123#%#%#15#%#%#16#%#%#17#%#%#20#%#%#22#%#%#23#%#%#28#%#%#3#%#%#30#%#%#38#%#%#39#%#%#41#%#%#48#%#%#5#%#%#51#%#%#52#%#%#53#%#%#54#%#%#59#%#%#6#%#%#61#%#%#64#%#%#67#%#%#78#%#%#8#%#%#80#%#%#86#%#%#9#%#%#97#%#%#98"
"Kraków, 2018-06";max_borda;"10#%#%#101#%#%#106#%#%#112#%#%#114#%#%#116#%#%#117#%#%#12#%#%#120#%#%#123#%#%#15#%#%#16#%#%#17#%#%#20#%#%#22#%#%#23#%#%#28#%#%#3#%#%#30#%#%#38#%#%#39#%#%#41#%#%#48#%#%#5#%#%#51#%#%#52#%#%#53#%#%#54#%#%#59#%#%#6#%#%#61#%#%#64#%#%#67#%#%#73#%#%#78#%#%#8#%#%#80#%#%#86#%#%#9#%#%#97#%#%#98"
"Kraków, 2018-06";mes_borda_uncompleted;"106#%#%#116#%#%#117#%#%#120#%#%#17#%#%#30#%#%#38#%#%#41#%#%#5#%#%#53#%#%#6#%#%#64#%#%#67#%#%#8#%#%#86#%#%#9"
"Kraków, 2018-06";mes_borda;"10#%#%#101#%#%#106#%#%#112#%#%#114#%#%#116#%#%#117#%#%#12#%#%#120#%#%#123#%#%#15#%#%#16#%#%#17#%#%#20#%#%#22#%#%#23#%#%#28#%#%#3#%#%#30#%#%#38#%#%#39#%#%#41#%#%#48#%#%#5#%#%#51#%#%#52#%#%#53#%#%#54#%#%#59#%#%#6#%#%#61#%#%#64#%#%#67#%#%#73#%#%#78#%#%#8#%#%#80#%#%#86#%#%#9#%#%#97#%#%#98"
"Kraków, 2018-06";mes_borda_greedy;"10#%#%#101#%#%#106#%#%#112#%#%#114#%#%#116#%#%#117#%#%#119#%#%#12#%#%#120#%#%#123#%#%#15#%#%#16#%#%#17#%#%#20#%#%#22#%#%#23#%#%#28#%#%#3#%#%#30#%#%#38#%#%#39#%#%#41#%#%#48#%#%#5#%#%#51#%#%#52#%#%#53#%#%#54#%#%#59#%#%#6#%#%#61#%#%#64#%#%#67#%#%#78#%#%#8#%#%#80#%#%#86#%#%#9#%#%#97#%#%#98"
"Warszawa, Ursynów, Ursynów, 2018-06";greedy_card;"1010#%#%#1018#%#%#1024#%#%#1027#%#%#1034#%#%#1043#%#%#1058#%#%#1061#%#%#1072#%#%#1075#%#%#1106#%#%#1110#%#%#1115#%#%#1467#%#%#1490#%#%#1531#%#%#1534#%#%#1551#%#%#1554#%#%#1556#%#%#1557#%#%#1560#%#%#1573#%#%#1603#%#%#1619#%#%#184#%#%#1949#%#%#1967#%#%#2257#%#%#300#%#%#344#%#%#346#%#%#349#%#%#635#%#%#637#%#%#638#%#%#639#%#%#640#%#%#641#%#%#643#%#%#645#%#%#659#%#%#668#%#%#926#%#%#985"
"Warszawa, Ursynów, Ursynów, 2018-06";greedy_cost;"1010#%#%#1024#%#%#1027#%#%#1034#%#%#1061#%#%#1106#%#%#1110#%#%#1556#%#%#1967#%#%#210#%#%#264#%#%#300#%#%#344#%#%#346#%#%#349#%#%#635#%#%#643#%#%#659"
"Warszawa, Ursynów, Ursynów, 2018-06";greedy_cc;"1010#%#%#1024#%#%#1027#%#%#1058#%#%#1061#%#%#1072#%#%#1075#%#%#1106#%#%#1110#%#%#1115#%#%#1432#%#%#1462#%#%#1467#%#%#1531#%#%#1534#%#%#1551#%#%#1554#%#%#1556#%#%#1603#%#%#1619#%#%#1787#%#%#1949#%#%#1967#%#%#2257#%#%#264#%#%#300#%#%#344#%#%#346#%#%#349#%#%#635#%#%#637#%#%#638#%#%#640#%#%#641#%#%#643#%#%#645#%#%#659#%#%#668#%#%#985"
"Warszawa, Ursynów, Ursynów, 2018-06";max_card;"1010#%#%#1018#%#%#1024#%#%#1027#%#%#1034#%#%#1043#%#%#1061#%#%#1072#%#%#1075#%#%#1106#%#%#1110#%#%#1115#%#%#1462#%#%#1467#%#%#1490#%#%#1531#%#%#1534#%#%#1551#%#%#1554#%#%#1556#%#%#1557#%#%#1560#%#%#1573#%#%#1603#%#%#1619#%#%#184#%#%#1949#%#%#1967#%#%#2257#%#%#300#%#%#344#%#%#346#%#%#349#%#%#635#%#%#637#%#%#638#%#%#639#%#%#640#%#%#641#%#%#643#%#%#645#%#%#659#%#%#668#%#%#926#%#%#985"
"Warszawa, Ursynów, Ursynów, 2018-06";max_cost;"1010#%#%#1024#%#%#1027#%#%#1034#%#%#1061#%#%#1106#%#%#1110#%#%#1556#%#%#1967#%#%#210#%#%#264#%#%#300#%#%#344#%#%#346#%#%#349#%#%#635#%#%#643#%#%#659"
"Warszawa, Ursynów, Ursynów, 2018-06";seq_phragmen;"1010#%#%#1018#%#%#1024#%#%#1027#%#%#1034#%#%#1043#%#%#1058#%#%#1061#%#%#1072#%#%#1075#%#%#1106#%#%#1110#%#%#1115#%#%#1462#%#%#1467#%#%#1531#%#%#1534#%#%#1551#%#%#1554#%#%#1556#%#%#1557#%#%#1573#%#%#1603#%#%#1619#%#%#184#%#%#1949#%#%#1967#%#%#2257#%#%#300#%#%#344#%#%#346#%#%#349#%#%#635#%#%#637#%#%#638#%#%#639#%#%#640#%#%#641#%#%#643#%#%#645#%#%#659#%#%#668#%#%#985"
"Warszawa, Ursynów, Ursynów, 2018-06";mes_cost_uncompleted;"1010#%#%#1024#%#%#1027#%#%#1034#%#%#1061#%#%#1072#%#%#1106#%#%#1110#%#%#1115#%#%#1531#%#%#1534#%#%#1551#%#%#1554#%#%#1556#%#%#1557#%#%#1619#%#%#1949#%#%#1967#%#%#2257#%#%#300#%#%#344#%#%#346#%#%#349#%#%#635#%#%#637#%#%#638#%#%#640#%#%#641#%#%#643#%#%#659#%#%#668#%#%#985"
"Warszawa, Ursynów, Ursynów, 2018-06";mes_cost;"1010#%#%#1024#%#%#1027#%#%#1034#%#%#1043#%#%#1061#%#%#1072#%#%#1075#%#%#1106#%#%#1110#%#%#1115#%#%#1432#%#%#1467#%#%#1531#%#%#1534#%#%#1551#%#%#1554#%#%#1556#%#%#1557#%#%#1603#%#%#1619#%#%#184#%#%#1949#%#%#1967#%#%#2257#%#%#264#%#%#300#%#%#344#%#%#346#%#%#349#%#%#635#%#%#637#%#%#638#%#%#639#%#%#640#%#%#641#%#%#643#%#%#645#%#%#659#%#%#668#%#%#985"
"Warszawa, Ursynów, Ursynów, 2018-06";mes_cost_greedy;"1010#%#%#1024#%#%#1027#%#%#1034#%#%#1061#%#%#1072#%#%#1106#%#%#1110#%#%#1115#%#%#1531#%#%#1534#%#%#1551#%#%#1554#%#%#1556#%#%#1557#%#%#1619#%#%#1949#%#%#1967#%#%#210#%#%#2257#%#%#300#%#%#344#%#%#346#%#%#349#%#%#635#%#%#637#%#%#638#%#%#639#%#%#640#%#%#641#%#%#643#%#%#659#%#%#668#%#%#985"
"Warszawa, Ursynów, Ursynów, 2018-06";mes_card_uncompleted;"1010#%#%#1024#%#%#1027#%#%#1034#%#%#1043#%#%#1061#%#%#1072#%#%#1075#%#%#1106#%#%#1110#%#%#1115#%#%#1467#%#%#1531#%#%#1534#%#%#1551#%#%#1554#%#%#1556#%#%#1557#%#%#1603#%#%#1619#%#%#184#%#%#1949#%#%#1967#%#%#2257#%#%#344#%#%#349#%#%#635#%#%#637#%#%#638#%#%#639#%#%#640#%#%#641#%#%#643#%#%#645#%#%#659#%#%#668#%#%#985"
"Warszawa, Ursynów, Ursynów, 2018-06";mes_card;"1010#%#%#1018#%#%#1024#%#%#1027#%#%#1034#%#%#1043#%#%#1061#%#%#1072#%#%#1075#%#%#1106#%#%#1110#%#%#1115#%#%#1432#%#%#1462#%#%#1467#%#%#1490#%#%#1531#%#%#1534#%#%#1551#%#%#1554#%#%#1556#%#%#1557#%#%#1573#%#%#1603#%#%#1619#%#%#184#%#%#1949#%#%#1967#%#%#2257#%#%#300#%#%#344#%#%#346#%#%#349#%#%#635#%#%#637#%#%#638#%#%#639#%#%#640#%#%#641#%#%#643#%#%#645#%#%#659#%#%#668#%#%#985"
"Warszawa, Ursynów, Ursynów, 2018-06";mes_card_greedy;"1010#%#%#1018#%#%#1024#%#%#1027#%#%#1034#%#%#1043#%#%#1058#%#%#1061#%#%#1072#%#%#1075#%#%#1106#%#%#1110#%#%#1115#%#%#1467#%#%#1490#%#%#1531#%#%#1534#%#%#1551#%#%#1554#%#%#1556#%#%#1557#%#%#1560#%#%#1573#%#%#1603#%#%#1619#%#%#184#%#%#1949#%#%#1967#%#%#2257#%#%#300#%#%#344#%#%#346#%#%#349#%#%#635#%#%#637#%#%#638#%#%#639#%#%#640#%#%#641#%#%#643#%#%#645#%#%#659#%#%#668#%#%#926#%#%#985"
"Warszawa, Ursynów, Ursynów, 2018-06";mes_sqrt_uncompleted;"1010#%#%#1024#%#%#1027#%#%#1034#%#%#1061#%#%#1072#%#%#1075#%#%#1106#%#%#1110#%#%#1115#%#%#1531#%#%#1534#%#%#1551#%#%#1554#%#%#1556#%#%#1557#%#%#1619#%#%#1949#%#%#1967#%#%#2257#%#%#344#%#%#346#%#%#349#%#%#635#%#%#637#%#%#638#%#%#639#%#%#640#%#%#641#%#%#643#%#%#645#%#%#659#%#%#668#%#%#985"
"Warszawa, Ursynów, Ursynów, 2018-06";mes_sqrt;"1010#%#%#1024#%#%#1027#%#%#1034#%#%#1043#%#%#1061#%#%#1072#%#%#1075#%#%#1106#%#%#1110#%#%#1115#%#%#1432#%#%#1462#%#%#1467#%#%#1531#%#%#1534#%#%#1551#%#%#1554#%#%#1556#%#%#1557#%#%#1560#%#%#1573#%#%#1603#%#%#1619#%#%#184#%#%#1949#%#%#1967#%#%#2257#%#%#300#%#%#344#%#%#346#%#%#349#%#%#635#%#%#637#%#%#638#%#%#639#%#%#640#%#%#641#%#%#643#%#%#645#%#%#659#%#%#668#%#%#985"
"Warszawa, Ursynów, Ursynów, 2018-06";mes_sqrt_greedy;"1010#%#%#1018#%#%#1024#%#%#1027#%#%#1034#%#%#1043#%#%#1061#%#%#1072#%#%#1075#%#%#1106#%#%#1110#%#%#1115#%#%#1432#%#%#1467#%#%#1531#%#%#1534#%#%#1551#%#%#1554#%#%#1556#%#%#1557#%#%#1573#%#%#1603#%#%#1619#%#%#184#%#%#1949#%#%#1967#%#%#2209#%#%#2257#%#%#300#%#%#344#%#%#346#%#%#349#%#%#635#%#%#637#%#%#638#%#%#639#%#%#640#%#%#641#%#%#643#%#%#645#%#%#659#%#%#668#%#%#985"
"Warszawa, Ursynów Wysoki Północny, Ursynów, 2017-06";greedy_card;"1177#%#%#122#%#%#1229#%#%#1263#%#%#1272#%#%#1299#%#%#1307#%#%#1382#%#%#1383#%#%#1402#%#%#1427#%#%#153#%#%#1533#%#%#1551#%#%#1573#%#%#171#%#%#1725#%#%#18#%#%#1886#%#%#1988#%#%#2012#%#%#2138#%#%#2145#%#%#2329#%#%#2339#%#%#2364#%#%#2369#%#%#2389#%#%#2432#%#%#2663#%#%#2724#%#%#38#%#%#384#%#%#390#%#%#404#%#%#470#%#%#482#%#%#486#%#%#488#%#%#613#%#%#619#%#%#645#%#%#706#%#%#94#%#%#958#%#%#983"
"Warszawa, Ursynów Wysoki Północny, Ursynów, 2017-06";greedy_cost;"1177#%#%#1229#%#%#1263#%#%#1299#%#%#1383#%#%#1402#%#%#153#%#%#1533#%#%#1725#%#%#2012#%#%#2138#%#%#2145#%#%#2329#%#%#2339#%#%#2364#%#%#2369#%#%#2389#%#%#2682#%#%#2724#%#%#470#%#%#6#%#%#619#%#%#706#%#%#94#%#%#958#%#%#983"
"Warszawa, Ursynów Wysoki Północny, Ursynów, 2017-06";greedy_cc;"1177#%#%#1229#%#%#1263#%#%#1272#%#%#1299#%#%#1307#%#%#1382#%#%#1383#%#%#1427#%#%#1472#%#%#153#%#%#1533#%#%#1551#%#%#1573#%#%#1886#%#%#2012#%#%#2145#%#%#2228#%#%#2339#%#%#2369#%#%#2389#%#%#2663#%#%#2713#%#%#2724#%#%#38#%#%#384#%#%#390#%#%#470#%#%#486#%#%#488#%#%#864#%#%#94#%#%#958#%#%#983"
"Warszawa, Ursynów Wysoki Północny, Ursynów, 2017-06";max_card;"1177#%#%#122#%#%#1229#%#%#1263#%#%#1272#%#%#1299#%#%#1307#%#%#1382#%#%#1383#%#%#1402#%#%#153#%#%#1533#%#%#1573#%#%#171#%#%#1725#%#%#18#%#%#1886#%#%#1988#%#%#2012#%#%#2138#%#%#2145#%#%#2329#%#%#2339#%#%#2364#%#%#2369#%#%#2389#%#%#2432#%#%#2663#%#%#2724#%#%#38#%#%#384#%#%#390#%#%#404#%#%#470#%#%#482#%#%#486#%#%#488#%#%#613#%#%#619#%#%#645#%#%#706#%#%#708#%#%#94#%#%#958#%#%#983"
"Warszawa, Ursynów Wysoki Północny, Ursynów, 2017-06";max_cost;"1229#%#%#1263#%#%#1299#%#%#1383#%#%#153#%#%#1533#%#%#1725#%#%#2012#%#%#2138#%#%#2145#%#%#2339#%#%#2364#%#%#2369#%#%#2682#%#%#6#%#%#619#%#%#706#%#%#864#%#%#94#%#%#983"
"Warszawa, Ursynów Wysoki Północny, Ursynów, 2017-06";seq_phragmen;"1177#%#%#122#%#%#1229#%#%#1263#%#%#1272#%#%#1299#%#%#1307#%#%#1382#%#%#1383#%#%#1402#%#%#1427#%#%#153#%#%#1533#%#%#1551#%#%#1573#%#%#171#%#%#1725#%#%#18#%#%#1886#%#%#1988#%#%#2012#%#%#2138#%#%#2145#%#%#2329#%#%#2339#%#%#2364#%#%#2369#%#%#2389#%#%#2432#%#%#2663#%#%#2724#%#%#38#%#%#384#%#%#390#%#%#404#%#%#470#%#%#482#%#%#486#%#%#488#%#%#613#%#%#619#%#%#645#%#%#706#%#%#94#%#%#958#%#%#983"
"Warszawa, Ursynów Wysoki Północny, Ursynów, 2017-06";mes_cost_uncompleted;"1177#%#%#1229#%#%#1263#%#%#1272#%#%#1299#%#%#1307#%#%#1382#%#%#1383#%#%#1402#%#%#153#%#%#1533#%#%#1573#%#%#1725#%#%#18#%#%#1988#%#%#2012#%#%#2138#%#%#2145#%#%#2329#%#%#2339#%#%#2364#%#%#2369#%#%#2389#%#%#2724#%#%#38#%#%#384#%#%#390#%#%#470#%#%#482#%#%#486#%#%#488#%#%#706#%#%#94#%#%#958#%#%#983"
"Warszawa, Ursynów Wysoki Północny, Ursynów, 2017-06";mes_cost;"1177#%#%#1229#%#%#1263#%#%#1272#%#%#1299#%#%#1307#%#%#1382#%#%#1383#%#%#1402#%#%#153#%#%#1533#%#%#1573#%#%#1725#%#%#18#%#%#1886#%#%#1988#%#%#2012#%#%#2138#%#%#2145#%#%#2329#%#%#2339#%#%#2364#%#%#2369#%#%#2389#%#%#2432#%#%#2663#%#%#2682#%#%#2724#%#%#38#%#%#384#%#%#390#%#%#470#%#%#482#%#%#486#%#%#488#%#%#619#%#%#645#%#%#706#%#%#94#%#%#958#%#%#983"
"Warszawa, Ursynów Wysoki Północny, Ursynów, 2017-06";mes_cost_greedy;"1177#%#%#1229#%#%#1263#%#%#1272#%#%#1299#%#%#1307#%#%#1382#%#%#1383#%#%#1402#%#%#153#%#%#1533#%#%#1573#%#%#1725#%#%#18#%#%#1988#%#%#2012#%#%#2138#%#%#2145#%#%#2329#%#%#2339#%#%#2364#%#%#2369#%#%#2389#%#%#2682#%#%#2724#%#%#38#%#%#384#%#%#390#%#%#470#%#%#482#%#%#486#%#%#488#%#%#619#%#%#706#%#%#94#%#%#958#%#%#983#%#%#994"
"Warszawa, Ursynów Wysoki Północny, Ursynów, 2017-06";mes_card_uncompleted;"1177#%#%#1229#%#%#1263#%#%#1272#%#%#1299#%#%#1307#%#%#1382#%#%#1383#%#%#1402#%#%#153#%#%#1533#%#%#1573#%#%#1725#%#%#18#%#%#1886#%#%#1988#%#%#2012#%#%#2138#%#%#2145#%#%#2329#%#%#2339#%#%#2364#%#%#2369#%#%#2389#%#%#2432#%#%#2724#%#%#38#%#%#384#%#%#390#%#%#470#%#%#482#%#%#486#%#%#488#%#%#94#%#%#958#%#%#983"
"Warszawa, Ursynów Wysoki Północny, Ursynów, 2017-06";mes_card;"1177#%#%#122#%#%#1229#%#%#1263#%#%#1272#%#%#1299#%#%#1307#%#%#1382#%#%#1383#%#%#1402#%#%#1427#%#%#153#%#%#1533#%#%#1551#%#%#1573#%#%#171#%#%#1725#%#%#18#%#%#1886#%#%#1988#%#%#2012#%#%#2138#%#%#2145#%#%#2329#%#%#2339#%#%#2364#%#%#2369#%#%#2389#%#%#2432#%#%#2663#%#%#2724#%#%#38#%#%#384#%#%#390#%#%#404#%#%#470#%#%#482#%#%#486#%#%#488#%#%#613#%#%#619#%#%#645#%#%#706#%#%#94#%#%#958#%#%#983"
"Warszawa, Ursynów Wysoki Północny, Ursynów, 2017-06";mes_card_greedy;"1177#%#%#122#%#%#1229#%#%#1263#%#%#1272#%#%#1299#%#%#1307#%#%#1382#%#%#1383#%#%#1402#%#%#1427#%#%#153#%#%#1533#%#%#1551#%#%#1573#%#%#171#%#%#1725#%#%#18#%#%#1886#%#%#1988#%#%#2012#%#%#2138#%#%#2145#%#%#2329#%#%#2339#%#%#2364#%#%#2369#%#%#2389#%#%#2432#%#%#2663#%#%#2724#%#%#38#%#%#384#%#%#390#%#%#404#%#%#470#%#%#482#%#%#486#%#%#488#%#%#613#%#%#619#%#%#645#%#%#706#%#%#94#%#%#958#%#%#983"
"Warszawa, Ursynów Wysoki Północny, Ursynów, 2017-06";mes_sqrt_uncompleted;"1177#%#%#1229#%#%#1263#%#%#1272#%#%#1299#%#%#1307#%#%#1382#%#%#1383#%#%#1402#%#%#153#%#%#1533#%#%#1573#%#%#1725#%#%#18#%#%#1988#%#%#2012#%#%#2138#%#%#2145#%#%#2329#%#%#2339#%#%#2364#%#%#2369#%#%#2389#%#%#2724#%#%#38#%#%#384#%#%#390#%#%#470#%#%#482#%#%#486#%#%#488#%#%#706#%#%#94#%#%#958#%#%#983"
"Warszawa, Ursynów Wysoki Północny, Ursynów, 2017-06";mes_sqrt;"1177#%#%#122#%#%#1229#%#%#1263#%#%#1272#%#%#1299#%#%#1307#%#%#1382#%#%#1383#%#%#1402#%#%#1427#%#%#153#%#%#1533#%#%#1551#%#%#1573#%#%#171#%#%#1725#%#%#18#%#%#1886#%#%#1988#%#%#2012#%#%#2138#%#%#2145#%#%#2329#%#%#2339#%#%#2364#%#%#2369#%#%#2389#%#%#2432#%#%#2663#%#%#2724#%#%#38#%#%#384#%#%#390#%#%#404#%#%#470#%#%#482#%#%#486#%#%#488#%#%#613#%#%#619#%#%#645#%#%#706#%#%#94#%#%#958#%#%#983"
"Warszawa, Ursynów Wysoki Północny, Ursynów, 2017-06";mes_sqrt_greedy;"1177#%#%#122#%#%#1229#%#%#1263#%#%#1272#%#%#1299#%#%#1307#%#%#1382#%#%#1383#%#%#1402#%#%#1427#%#%#153#%#%#1533#%#%#1551#%#%#1573#%#%#171#%#%#1725#%#%#18#%#%#1886#%#%#1988#%#%#2012#%#%#2138#%#%#2145#%#%#2329#%#%#2339#%#%#2364#%#%#2369#%#%#2389#%#%#2432#%#%#2663#%#%#2724#%#%#38#%#%#384#%#%#390#%#%#404#%#%#470#%#%#482#%#%#486#%#%#488#%#%#613#%#%#619#%#%#645#%#%#706#%#%#94#%#%#958#%#%#983"
